,user,location
0,bts_ilovely95,???
1,namukoree,
2,macamenchatnoir,En tu corazÃ³n bb
3,onlybtsonlyarmy,ğŸ‡µğŸ‡ª
4,skyler_wolff,ğŸ‡ğŸ¨CorazonğŸ’œDe Kim Namjonâœ¨ğŸ†
5,carou_no,
6,yukirin6311936,
7,hereforyeontan,
8,beariee_,170809â‹ˆ / 180807 â™¡ / 181020 â™¡
9,Djinniyah,"Toronto, Ontario"
10,v_rendez,
11,aga_tae,
12,Amiasurrant,
13,BTSbeingLegends,Germany
14,RonniCareFree,
15,o_yulit,
16,Mohi_bts,BTS WORLDğŸŒŒ
17,JIMIN_UAE,United Arab Emirates
18,mekibts,
19,Fookin_Losaaah,Princess Park 
20,ChuluvT,el corazoncito de tae
21,flvffyjoon,holding yoongsâ€™ hand
22,Capitao_Vante,"ParanÃ¡, Brasil"
23,BTSonyasty,
24,_pprksnw,Thailand
25,7BTSpop,Purpleblood
26,yewhobi,STREAM ï¢•N !!
27,taesooeline,
28,Mdpakd1,
29,Yeon_mrV,magic shop
30,mooknamfon,ê¹€íƒœí˜•
31,DeylimarLoveBTS,
32,bts_leek,
33,marci_bts_2oo3,Peru
34,babyymochi_twt, ğŸ‘‰
35,Kenia_VBts,
36,pjbabymochi,
37,Ggukkvircuario,
38,99esther93,"CataluÃ±a, EspaÃ±a"
39,Dulce06895175,
40,i_army_triples,
41,daisymissyxx,In wonderland ğŸ­
42,Hobis_Hope94,"Colorado, USA"
43,ArmyChapin,Guatemala City ğŸ‡¬ğŸ‡¹
44,ezzzy61,
45,AsihKth_,Taehyung heartâ™¡
46,jingerbread_124,ğŸ¹ğŸ¡
47,ngelaPazAlvara1,
48,JOONTRYOSHKA,yongbok's freckles
49,Mohi_bts,BTS WORLDğŸŒŒ
50,mochiimonii,
51,prod_jikook,AashğŸ¤ª she/her | bisexual
52,Aliana10823094,
53,Beatriz82617994,
54,TsBpapi,
55,RomienSamantha,
56,CarmeenOo,"Nuevo LeÃ³n, MÃ©xico"
57,lgsjiyong,neocityÂ°Â°Â°multifandom
58,SS_cheesecake,
59,WisoDdaeng,Morocco
60,mbeillard1,AcadÃ©mie de Versailes
61,Suni_Yon07,â¤ï¸ ARMY â™¥ï¸
62,xykx14,"Berlin, Deutschland"
63,Kimbora180605,ARMY House 
64,vmincharms,"Ot7, Magic Shop ğŸ’«ğŸ’œ Ela/Dela"
65,Pissamaidu,
66,Kuchel3,
67,DeiverlynY,"MedellÃ­n, Colombia"
68,BangtanFC_97,
69,cantstop_jiming,"Chicago, IL"
70,made_by_irene,
71,RodasPuerto,
72,sarmyoongi,Brasil;
73,BtsHome389,United States
74,spasaal,
75,_joonb,"California, USA"
76,mix_korea_,blue sideğŸ’™
77,Iwjprint,hidw.â™¥
78,reidunx,Y yo que sÃ©
79,annajan37894803,
80,pandalovegood,
81,cozynamu,Bts concert 5/17/20
82,KNeinner,
83,May0414G,
84,himekaori1206,
85,kim_forever95,Junto a BANGTANğŸ–¤
86,hyuhana,
87,srr_yumeme,ãã“
88,jindereIla,134340 
89,gnuyHeaTmiK__,
90,ho2begae,
91,kook_DPtae,SO SPECIAL X THE GENRE IS BTS
92,vante4cd0,[Bangtan]  [ateez]
93,matwseok,Cheonglyong-gi
94,lightaekoo,ğŸ ::   bts 
95,876_BTS,ğŸ‡¯ğŸ‡²
96,taeliciousberry,
97,moonjinniee,seokjin's broad shoulders
98,onlybtsonlyarmy,ğŸ‡µğŸ‡ª
99,hereforyeontan,
100,BangtanFC_97,
101,BangtanFC_97,
102,rinsuke_0125,ã˜ãƒ¼ãˆã¬ï¼ 
103,Mohi_bts,BTS WORLDğŸŒŒ
104,Fookin_Losaaah,Princess Park 
105,00ooclock,
106,laulau_bts,"LycÃ©e malherbe, caen"
107,Hoseoki84566861,
108,LeehSRosa,Brazil
109,gguk_bananamilk,HOPEWORLD
110,Sarahi38795382,
111,ngelaPazAlvara1,
112,divineseulgi, ğŸ¦™ğŸ¦„  k-jams ğŸ¦™ğŸ¦„ 
113,Yeahh_BTS_UKnow,
114,lsgrlr,"New York, USA"
115,seremu9520,
116,smollgoogie,sighing for bts. (à¹“'Íˆ Ë˜ 'Íˆà¹“)
117,bngtanrelic,ğŸ‡¦ğŸ‡·
118,GolsaOt7,
119,28_4EverYoung,
120,gfpaivaa,"BrasÃ­lia, Brasil"
121,Kiara33020537,
122,SG0309_0,ê¹€ë‚¨ì¤€ ë‚˜ë¼ ì–¸ì œì„¸ì›Œ ë‚˜ ì´ë¯¼ê°ˆì¤€ë¹„ëŠ” ì´ë¯¸ë
123,jiminshi_1095,Bts World 
124,Moncat191,
125,Beatriz82617994,
126,j_mirana,Ğ’ Ğ³Ñ€ĞµÑˆĞ½Ğ¾Ğ¼ Ğ¼Ğ¸Ñ€Ğµ 
127,876_BTS,ğŸ‡¯ğŸ‡²
128,Ale21_BTSAngels,
129,Josikook_twt2,Brasil ğŸ‡§ğŸ‡·á´€Ê€á´Ê sá´‡ÊŸá´„á´€ á´…á´€Ê
130,jbeminly,
131,etoilejm,
132,taempress,Saw BTS 11.10.19
133,Tatiana0504mq,"BogotÃ¡, D.C., Colombia"
134,utopia_joon,VICTORIA's HEART
135,_moonJoonie_94,Ê™á´›êœ± ğŸ”­ á´œÉ´Éªá´ á´‡Ê€êœ±á´‡
136,MkItRh,
137,Pissamaidu,
138,BangtanFC_97,
139,ctay__,"Manaus, Brasil"
140,LorenaN47153834,
141,ho2begae,
142,Pinkrawr,
143,Camii_casas2002,
144,jintheluv,ì„¸ìƒì—ì„œ ì œì¼ ì†Œì¤‘í•œ ê¹€ì„ì§„
145,jmisbabymochi,llorando pijağŸ˜”âœŠğŸ»
146,TaehyunggTannie,
147,Mohi_bts,BTS WORLDğŸŒŒ
148,Je0nReme,Ø§Ù„Ù…Ù…Ù„ÙƒØ© Ø§Ù„Ø¹Ø±Ø¨ÙŠØ© Ø§Ù„Ø³Ø¹ÙˆØ¯ÙŠØ©
149,uhkood,she/her
150,010516army,BTS's Hearts
151,xxcxgt,
152,Octocephalopode,
153,XuFinsMEhxsYzRX,
154,ARMY_tings,
155,OliveiraMOON1,
156,BrazzaVivi,
157,purple_u_GYONGI,
158,J6m1n,"Buenos Aires, Argentina"
159,adoringjeons,â˜€ï¸
160,kim_waru,à¹€à¸«à¸•à¸¸à¸œà¸¥à¸—à¸µà¹ˆà¸­à¸¢à¸¹à¹ˆà¸•à¸£à¸‡à¸™à¸µà¹‰à¸à¹‡à¹à¸„à¹ˆà¸à¸§à¸à¸„à¸¸à¸“
161,osi_love_bts,Ğ£ĞºÑ€Ğ°Ğ¸Ğ½Ğ°
162,CrescentPools,
163,odetocele,kookjin & tÃ¸p ğŸ­ğŸŒ±
164,NyxKltz,ğŸ‡²ğŸ‡½ â€” ğ™¾ğšƒğŸ½ ğ™°ğšğ™¼ğšˆ || ì •í˜¸ì„â™¡
165,btsjkgcf,"Seoul, Republic of Korea"
166,alinesousalopes,brasil
167,Vjm_Tae96,ë°©íƒ„ì†Œë…„ë‹¨ galaxy
168,yoonpallet_,"ğ’‹ğ’”ğ’ â™¡ ğ’†, ğ’„, ğ’ƒ, ğ’‚"
169,LeehSRosa,Brazil
170,Azzzi10,Islamic Republic of Iran
171,kook_thzi17,"Tepeji del RÃ­o de Ocampo, Hida"
172,moonlight_BTSV,Turkey ğŸ‡¹ğŸ‡·
173,jhoesslave,big tiddies squad ğŸ’œ 
174,jintheluv,ì„¸ìƒì—ì„œ ì œì¼ ì†Œì¤‘í•œ ê¹€ì„ì§„
175,chiek120,æ—¥æœ¬ã€€å¤§é˜ª
176,tarabuble,Map of The Soul 7
177,angelik_angels,Venezuela
178,purplehartDiana,"Washington, DC"
179,Parkim_Liss,Hope world
180,manarmy0309,
181,mperezelitobias,
182,Alii_BTS,"Comunidad de Madrid, EspaÃ±a"
183,hobiedoll,gğ—‹ğ–¾ğ–¾ğ–¼ğ–¾ 
184,Bambi55744681,TAEKOOKLAND
185,MyUniverseIsPJM,in the stars of your sky
186,chobbyjin,
187,swethinm,
188,heartjguk,Ğ½Ñ”Î±rÏ„Ğ²Ñ”Î±Ï„
189,Kooki_amor,Islamic Republic of Iran
190,JahidiryMichel,"San Juan,Puerto RicoğŸ‡µğŸ‡·"
191,JemayaMartinez,
192,jj_obsession,
193,btsjkgcf,"Seoul, Republic of Korea"
194,vocaIinist,ğŸ¹ğŸ£ğŸ°ğŸ¯ biased
195,mcrrisonhotel,
196,NamuTheFool,Magic Shop
197,Nelivh,#ì˜¤ â˜¾â˜¼ ê½ëƒ¥ê½ëƒ¥ ì„œì§ìƒµ_VOPE 95linerIsâ™¥
198,taebyjeon,"cnco; bts; astro; nct, montâ™¡"
199,CreamandMaple,
200,Suni_Yon07,â¤ï¸ ARMY â™¥ï¸
201,tslove1389,United Kingdom
202,clairdelunebts,
203,neonelkie,she/her
204,nicolem14627004,"Santiago, Chile"
205,Isis_2606,MÃ©xico
206,jintheluv,ì„¸ìƒì—ì„œ ì œì¼ ì†Œì¤‘í•œ ê¹€ì„ì§„
207,behappyinbts,
208,jhooope_ho,
209,Velyndz,
210,dualitysvictijm,squeezing jm ass â–ª YAOI(/â€¾â–¿â€¾)/
211,Itzel_GG18,SN
212,armywithlove18,BANGTANxARMY LAND
213,jennife23027832,
214,shitpp_7,"Berazategui, Argentina"
215,Mohi_bts,BTS WORLDğŸŒŒ
216,yooneboy,â € â‹… â¿»ï¹â™¡ ë°©íƒ„'ğ—Œ ğ—€ğ—‚ğ—‹ğ—…ã€‚à¹‘
217,bbongnyang2,
218,bts_on_7,Map of the Soul : 7
219,imseokseokjin,ğ’‚ğ’“ğ’ˆ.
220,filterbtsmots7,
221,taeisbaby00,Florida
222,armysarmybts,
223,yooneboy,â € â‹… â¿»ï¹â™¡ ë°©íƒ„'ğ—Œ ğ—€ğ—‚ğ—‹ğ—…ã€‚à¹‘
224,spacy_m,Belgique
225,SvlYbJL4Sqj6qfA,ê·¸ ë§ì€ í¬ë„ì•Œ ì¤‘ í•œê°œì˜ í¬ë„ì•Œì—.. ìˆìœ¼ë©´..ã… ã… 
226,FernandaPark4,In the dark side 
227,egyyyptienne,France
228,bts_ilovely95,???
229,BangtanFC_97,
230,Mahchild_96,
231,adjp102,United States
232,glbbryss,
233,evasbts,"Seoul, Republic of Korea"
234,yooneboy,â € â‹… â¿»ï¹â™¡ ë°©íƒ„'ğ—Œ ğ—€ğ—‚ğ—‹ğ—…ã€‚à¹‘
235,NWMUqzTiO8XIIrO,
236,Kuchel3,
237,jhooope_ho,
238,BangtanKao,
239,jhoesslave,big tiddies squad ğŸ’œ 
240,armyshusbands,Ot7
241,_googiekookie,Ù…Ù…Ù„ÙƒØ© Ø§Ù„Ø¨Ø­Ø±ÙŠÙ†
242,Mewgulf38998792,
243,oppaseokjxn,recife
244,Hailmarysh,ë°©íƒ„'s Sea
245,_joonb,"California, USA"
246,ShakeVanila,Ğ’ Ğ¾Ğ¼ĞµĞ³Ğ°Ğ²ĞµÑ€ÑĞµ
247,WhoIsNuz,"New Delhi, India"
248,whod_of_known,on the moon
249,Yuli777w,"BogotÃ¡, DC, Colombia"
250,Djinniyah,"Toronto, Ontario"
251,gcfepiphany,Brazil Hope / Brajin
252,boraborahaeBTS,
253,ggukscelestial,âµ—ğŸ¥‘ğ–¥¨Û«btsglx soulmate. à¼„
254,cohayoo,134340
255,skooluvaffair,
256,Karoljk10,
257,Sarahi38795382,
258,easybezy,
259,taeyongtenbfs,ghand ommok
260,xykx14,"Berlin, Deutschland"
261,veovolente07,
262,BangtanFC_97,
263,JJKOOKEYES,Colombia
264,Nao_vale8082608,
265,Mohi_bts,BTS WORLDğŸŒŒ
266,andreaesxx18,"Miami, FL ğŸŒ´ğŸ”¥"
267,iamjazzrae,Vancouver ğŸ‡¨ğŸ‡¦ x ì„œìš¸ ğŸ‡°ğŸ‡·
268,diparoni117,ğŸ“enamorada de Taehyung 
269,jesslynlim,USA
270,BtgSug,
271,KoreasPrideBTS,"San Francisco, CA"
272,Coconout21,Colombia
273,jiminsperfect,MÃ©xico
274,antonia_rozas,
275,YukiNoHana_875,SORRY...â–„ï¸»Ì·Ì¿â”»Ì¿â•â”â”         
276,Vantekim1613,MÃ©xico
277,GoldenFilterJK,"Buenos Aires, Argentina"
278,chimberrypj,
279,AMEL_BTS_twt,Tunisia
280,jisoofckme,
281,vallini_chiara,Magic shop
282,kook_love_rie,VLIVEã®1Bè¿‘ãã®å‹•ç”»(ä»Šã¯ğŸ°)ã‚»ãƒ³ã‚¤ãƒ«è¿‘ã„ãƒ¡ãƒ³ãƒãƒ¼ã‚‚
283,kimJohayna,Algeria
284,AgustDanny93,"Buenos Aires, Argentina ğŸ‡¦ğŸ‡·"
285,v_rendez,
286,bang_vil,Al final de la lÃ­nea 
287,jk_cxn,
288,BTS_sunflower_,Paraguay
289,LeehSRosa,Brazil
290,ggukscelestial,âµ—ğŸ¥‘ğ–¥¨Û«btsglx soulmate. à¼„
291,BigBtsGay,The Gay Agenda (He/Him)
292,LxiKy41, USA ğŸ‡ºğŸ‡¸
293,Ra_mar77,Ø§Ù„Ù…Ù…Ù„ÙƒØ© Ø§Ù„Ø¹Ø±Ø¨ÙŠØ© Ø§Ù„Ø³Ø¹ÙˆØ¯ÙŠØ©
294,hobiwrecker,"Louisville, KY"
295,Infinitebtsarm1,Republic of Namjoon
296,7BTSpop,Purpleblood
297,zwanzish,Italia
298,MyraMoon_,dimana pun aku bahagia :)
299,kthfeelings__,â€”Black Swan 
300,ughiwanteat,á´ÉªÊ€á´Êœ
301,fearsasylum,Nigeria 
302,chiek120,æ—¥æœ¬ã€€å¤§é˜ª
303,love_toseeit,Your mans house 
304,tyongsbb,"California, USA"
305,iceicebaby2823,"Seoul, Republic of Korea"
306,BangtanFC_97,
307,ublolni,
308,Mohi_bts,BTS WORLDğŸŒŒ
309,heey_NaNaNa,å®¶ã§.
310,antonia_rozas,
311,solarswhore,
312,jungwoohooooo,
313,taeggukiebiebs,
314,Floral_Hoseok_,19 she/her ny 
315,bangtansick, Argentina
316,n_nahla55027310,
317,axxnol,
318,Park_neZlata,Ğ—Ğ°Ğ²Ğ¸ÑĞ°Ñ Ñ‚ÑƒÑ‚ÑŒ â¬‡ï¸ 
319,Strawbwi7,Daegu
320,yswtete,á´¡ÉªÉ´É¢s || á´›á´€á´‡É¢Éª
321,official_elanur,pinky
322,hose_okjung,mi cueva
323,_joonb,"California, USA"
324,bluewintertae,
325,99esther93,"CataluÃ±a, EspaÃ±a"
326,hajriani_sae,
327,iluvmin_,Jimins armsâœ¨
328,loverofvante,"SÃ£o Paulo, Brasil"
329,Jessie_M7,Magic Shop
330,TaedybugFairy,
331,Jossloth,Peru
332,Atul1306,
333,pinkmarkzen,cloud 9
334,Nics1EntireHand,Canada
335,choi_vly,"Barcelona, EspaÃ±a"
336,3001BTS,æ—¥æœ¬ ç¥å¥ˆ
337,worldwideTired,moonchild ğŸŒ™
338,yoonqhye,ğŸ‡¨ğŸ‡¦
339,DailyBTSfanart,
340,DrydoHobiRM,ğŸŒ Hope World ğŸŒ
341,pach_betty,Republic of the Philippines
342,DeylimarLoveBTS,
343,fionnsilverhoop,
344,armadeer,Ğ£ĞºÑ€Ğ°Ğ¸Ğ½Ğ°
345,yeontanluvbots,
346,djapfotgbnk,
347,93fuzzy93,United States
348,Elle_skj,bts
349,aadya291,United States
350,Ava__Hj,
351,uhgoogie_,sou a @rapmoonie__ 
352,Sick_Jackers,
353,all7rare,Brasil
354,armybts238,
355,BlasIvi,"Lima, Peru"
356,Mohi_bts,BTS WORLDğŸŒŒ
357,JoonsMoon17,
358,deepoetic,ğ˜´ğ˜° ğ˜§ğ˜¢ğ˜³ ğ˜¢ğ˜¸ğ˜¢ğ˜º
359,jocinzenta,"Minas Gerais, Brasil"
360,DVDDYYOONGS,w BlairğŸ¤ğŸ¼ğŸ–¤
361,younjibts,Tanger MÃ©dina Royaume du Maroc
362,vorenamjoon,FL
363,Youn38916763,ëŒ€í•œë¯¼êµ­
364,BangtanFC_97,
365,n__amu,â™€|  20
366,SugaBananaMilk1,5/14 
367,Alii_BTS,"Comunidad de Madrid, EspaÃ±a"
368,swethinm,
369,tyongsbb,"California, USA"
370,ellenyoulilbrat,Poland
371,mooknamfon,ê¹€íƒœí˜•
372,JinniesHabibi,Crackhead Land
373,BTSmylife2017,
374,Meriembts_v_,
375,Army67061313,
376,BKraykray,
377,leeannbruv,rosebowl day3 
378,Mahchild_96,
379,KNeinner,
380,Coconout21,Colombia
381,junelovesleaves,"Missouri, USA"
382,Mia64577805,
383,BangtanFC_97,
384,aletsrose,my time
385,cultmania7,ëŒ€í•œë¯¼êµ­
386,jeounggf,
387,bangtanVestOfMe,Republic of the Philippines
388,MorenaZarate15,Ciudad AutÃ³noma de Buenos Aire
389,Mohi_bts,BTS WORLDğŸŒŒ
390,SaraBangtan5,
391,babyymochi_twt, ğŸ‘‰
392,Divvvvv30,
393,fairytailjin,"Stan BTS,Seventeen,Twice ğŸ’’ğŸ’"
394,bts_ilovely95,???
395,LushailiaN,South Africa
396,JIMIN_UAE,United Arab Emirates
397,BTSonyasty,
398,JJ01263,
399,DinaPontiac,
400,Florxlsk_t,
401,ClarissSofis9,
402,jm_zoo,
403,yoongsmiled,ğŸ³ï¸â€ğŸŒˆbisexual/Jisoo solo stan
404,jellybeanjj22,Dubai
405,shimjangsori,
406,Bitiiez,AmÃ©rica Latina; EspaÃ±a
407,Suni_Yon07,â¤ï¸ ARMY â™¥ï¸
408,Hailmarysh,ë°©íƒ„'s Sea
409,capricornism,
410,ja8R7MRerbxlgwQ,
411,mooknamfon,ê¹€íƒœí˜•
412,Fernand29941028,MÃ©xico
413,Fookin_Losaaah,Princess Park 
414,dvcearmy,
415,MinYoon60892037,
416,Ferman64149150,
417,Bey21MicDrop,"Texas, USA"
418,yewhobi,STREAM ï¢•N !!
419,xamypao,"Barranquilla, Colombia"
420,AsianOfChaos127,United States for now
421,NyxKltz,ğŸ‡²ğŸ‡½ â€” ğ™¾ğšƒğŸ½ ğ™°ğšğ™¼ğšˆ || ì •í˜¸ì„â™¡
422,BangtanFC_97,
423,ynacai,Qc
424,nicolem14627004,"Santiago, Chile"
425,LeehSRosa,Brazil
426,minyoongi1810,
427,Sansanjee1,Bangladesh
428,BangtanFC_97,
429,SaraBangtan5,
430,RomienSamantha,
431,holixyx,
432,Mohi_bts,BTS WORLDğŸŒŒ
433,Mohi_bts,BTS WORLDğŸŒŒ
434,monosonyeondan,
435,Kalon_bts,
436,choiwedad7,
437,armySSABa,
438,28_4EverYoung,
439,ShakeVanila,Ğ’ Ğ¾Ğ¼ĞµĞ³Ğ°Ğ²ĞµÑ€ÑĞµ
440,magical_mayhemm,United Kingdom
441,mxxxpk,
442,razz33100,"Auckland, New Zealand"
443,joons_pansexual,namjoons toes
444,S371jm,
445,btswgxn,Dionisio GangğŸ
446,YuunDi75,MÃ©xico
447,Jiminish95,
448,DoYouKnowBTSx7,YOONGI NATION. 
449,2MZMAN9McTNJtHj,
450,tyongsbb,"California, USA"
451,n__amu,â™€|  20
452,vantaepiola,Taekook.ğŸ‡¦ğŸ‡·
453,army__yy,
454,jungkook24jm,Tae's smile 
455,SbLFFVVclyHjvgH,
456,koo_natali,
457,Noemi03372491,Guatemala
458,vante4cd0,[Bangtan]  [ateez]
459,kermitguk,
460,cadelhinhadobts,Brasil
461,goldilocks81,
462,imochi_95,In Namjoon's dimples.
463,JustMe85325882,
464,spm_horizon,
465,kooscutie,
466,SaraDh50567297,Mauritania
467,13_army06,ğŸ‡²ğŸ‡½ Cd. JuÃ¡rez|El Paso Tx
468,jiminnnholic,Serendipity
469,Nina1709P,â˜€ï¸
470,Elly55307535,ëŒ€í•œë¯¼êµ­ ì„œìš¸
471,AdiliaBTS,"FlorianÃ³polis, BrasilğŸ‡§ğŸ‡·"
472,taegiesoftie,
473,MeaPersona,ğ‘´ğ’†ğ’ğ’‚ğ’ğ’„ğ’‰ğ’ğ’ğ’š ğ‘¯ğ’Šğ’ğ’
474,JeanettaCSheehy,"Tennessee, USA"
475,Kimbora180605,ARMY House 
476,taehgood,ğŸ¨ & ğŸ¯â”ŠKth + pjm â‚ğŸ¹â‚â”ŠOÆ¬7:â™¡âƒª
477,Lemonlattemin,   multifandom               
478,Floral_Hoseok_,19 she/her ny 
479,xxbangtangelsx,Deutschland
480,JiminshiiiMochi,BulgariağŸ‡§ğŸ‡¬
481,PrietoTatys,Colombia
482,Sarahi38795382,
483,Yeon_mrV,magic shop
484,taeisbaby00,Florida
485,sopehell,
486,Mohi_bts,BTS WORLDğŸŒŒ
487,bucintaesso,Indonesia
488,RachelMilton,"North West, England"
489,crmImacchiato,"Colorado, USA"
490,LilianaChipana,Bolivia
491,DianaShemali,Georgia
492,7LightsMore1,
493,liihpqp,Fan account | ğŸ±+ğŸ¥=â¤
494,DolgushevaTanya,
495,Mohi_bts,BTS WORLDğŸŒŒ
496,tatakukuk,TÃ¼rkiye
497,jeonkui,lost in jeon jungkooks eyes 
498,jingerbread_124,ğŸ¹ğŸ¡
499,PromiseJimin01,France
500,SaraDh50567297,Mauritania
501,BangtanFC_97,
502,Fernand29941028,MÃ©xico
503,fenxtygrande,Somewhere
504,kpoop_threads,kpop's world
505,Suni_Yon07,â¤ï¸ ARMY â™¥ï¸
506,ChuluvT,el corazoncito de tae
507,Mohi_bts,BTS WORLDğŸŒŒ
508,CarmenDorta7,
509,nfflying,aka @katmintgi | she/her
510,prkjggo,á´µ áµƒË¡Ê·áµƒÊ¸Ë¢ á¶œÊ³Ê¸ á¶ áµ’Ê³ áµÊ¸ á¶ áµƒáµ›Ë¢
511,horanmotive,"Sorocaba, Brasil"
512,whod_of_known,on the moon
513,shyjeonbx,"O!RUL8,2?"
514,kookminswan,
515,UnPanKawaii10,
516,lovesvantegguk,7-1=0
517,joonlesbian,
518,Mohi_bts,BTS WORLDğŸŒŒ
519,nambutterfly,â¿áµ‰áµ›áµ‰Ê³ áµ‡áµ‰áµ—áµ—áµ‰Ê³ 
520,HaydenXNam2Seok,ğŸŒˆ â˜» HOBICORE â˜»ğŸŒˆ
521,babie_guk,
522,filterypjms,bts
523,btchnkook,
524,AngelKimMikka,
525,shownuheart,190222 â™¡ 190607&08 â™¡ 190706
526,mooknamfon,ê¹€íƒœí˜•
527,umyhealing,
528,NaniOlv7,
529,kimJohayna,Algeria
530,_MochiBunny97,At yo moms house 
531,parkthaimin,"SÃ£o Paulo, Brasil"
532,bts__ateez_,
533,linosricecooker,FIGHTING FOR X1 !!
534,Lourdes05197272,Lebanon
535,gguksmole,She/her
536,VIEPOURPRE,kookoo'pingu
537,n__amu,â™€|  20
538,AltafBisma,BTS WORLD
539,Alma_YgR,United States
540,SaraDh50567297,Mauritania
541,mochinamuxx,Republic of Korea
542,1MDA44,"North Carolina, USA"
543,Piper_de_papel,Em algum ponto do Inferno
544,LeehSRosa,Brazil
545,shimjangsori,
546,MyraMoon_,dimana pun aku bahagia :)
547,Kiila_True2Me,Not to far From Home NY
548,EasterOt7,OT7 Only #BTS
549,SweeMost7,MAP THE OF SOUL 7
550,JeanettaCSheehy,"Tennessee, USA"
551,Noemi03372491,Guatemala
552,bts_seokjinniee,Hey stob it
553,army_yesi,"ON, OT7ğŸ’œ"
554,mooknamfon,ê¹€íƒœí˜•
555,Beatriz82617994,
556,volcanoesgoddes,"Toluca, MÃ©xico"
557,makolynnn1,é–¢æ±
558,izza_vazquez,
559,ValeMar65593492,
560,Nelivh,#ì˜¤ â˜¾â˜¼ ê½ëƒ¥ê½ëƒ¥ ì„œì§ìƒµ_VOPE 95linerIsâ™¥
561,hyuhana,
562,TaeTaesH0e,"Las Vegas, NV"
563,Mohi_bts,BTS WORLDğŸŒŒ
564,Mohi_bts,BTS WORLDğŸŒŒ
565,jung13_kook,"Barranquilla, Colombia"
566,am_akarinos,
567,koosbathwater,she/her 18
568,SergioP91202761,
569,jmjknation,ğŸ¥+ğŸ°=â™¡
570,Serendi53287486,
571,LorenaN47153834,
572,_bangmyprint_,
573,hoseokixmm,ğŸ‡²ğŸ‡½
574,Diego42348517,Hope World
575,__gaciria,
576,angylize,"California, USA"
577,capricornism,
578,ynwavante, 951230 
579,SaraDh50567297,Mauritania
580,lynigan2,280719 â™¡
581,minyoomgles,
582,Nara_Yoonki,Indonesia
583,REMINISCENE_BTS,ğğ«ğ¨ğŸğ¢ğ¥ğ : ë‘ìœ ë°ˆ
584,_ninith_,"Laois, Ireland"
585,LeehSRosa,Brazil
586,Ferman64149150,
587,luz2931,Argentina
588,armybts238,
589,seaofscenery,
590,tyongsbb,"California, USA"
591,jungwoohooooo,
592,jmisbabymochi,llorando pijağŸ˜”âœŠğŸ»
593,VJSdMSRCEwCIxwv,
594,passionjjkk,ğš„ğšğš˜ğš™ğš’ğšŠ
595,134340baby,
596,CallMeAngie3,EspaÃ±ağŸ‡ªğŸ‡¸
597,_serenjimity,á´Šá´‡ssÉªâ†£á´›Êœá´‡ Ê€á´sá´‡â†£Éªá´›á´¢Ê
598,RAMMBANG,
599,Rosemaryliza03,"London, England"
600,sabrinamellado3,Coldwater
601,pjmfIoyd,ãƒ€ãƒ€ â€”
602,n__amu,â™€|  20
603,Dearmybangtan7,Indonesia
604,ddaengbarbie,+502
605,raink00k,
606,AnnaShabam,"San Francisco, CA"
607,whichastar1,
608,KOOPITO_,Guatemala - Quetzaltenango
609,runshranda,Konohagakure
610,armybts238,
611,worldwidespax,Ëšâ‚Š.bangkiz
612,tzuksj,bts â€§ twice â€§ bp â€§ txt â€§ itzy 
613,DianaMinMin9,"JuÃ¡rez, Chihuahua"
614,Mohi_bts,BTS WORLDğŸŒŒ
615,TalvezNanoHope,
616,yoonizito,Portugal
617,JOONTRYOSHKA,yongbok's freckles
618,BTS_onlykings19,ğ“’ğ“±ğ“ª ğ“”ğ“¾ğ“· ğ“¦ğ“¸ğ“¸.â™¡
619,his_ay,
620,RoxyArmyB7,Venezuela
621,Mohi_bts,BTS WORLDğŸŒŒ
622,mlovbts22,OT7
623,anyaae_bts,Morocco
624,ughnrt,ğ™ºğš˜ğš—ğš˜ğš‘ğšŠ ğŸƒ
625,Anajose28eg,
626,TaehyunggTannie,
627,wjntaerbear,
628,jimnbloom,
629,grinchbad7,The House happy armyâœ¨
630,Vitoria26105,
631,Raewolf03,
632,Pissamaidu,
633,HopeMintchoco,
634,Fernand29941028,MÃ©xico
635,poutyjk__,
636,zeynab_army,NamkandağŸ’œ
637,gcftojimin,â‹† ğ¨ğ­ğšğ¤ğ® â€” å¤©ä½¿ â™¡Ë€Ë€
638,Suni_Yon07,â¤ï¸ ARMY â™¥ï¸
639,Roxi_Fionna,Venezuela
640,ughnrt,ğ™ºğš˜ğš—ğš˜ğš‘ğšŠ ğŸƒ
641,nendennt_,"Lombok Utara, Nusa Tenggara Ba"
642,gguklov3,ariana grande
643,animalie2,mi casa 
644,hausofvante,
645,gguk_bananamilk,HOPEWORLD
646,hey_im_jungcock,bangchin's heart
647,nini41859653,
648,armybts238,
649,hobarihobi,BRAZIL HOPE - 27y 
650,S7ego,Argentina
651,SweeMost7,MAP THE OF SOUL 7
652,MylifeTk,
653,flvffyjoon,holding yoongsâ€™ hand
654,vante4cd0,[Bangtan]  [ateez]
655,Gurl_Hyunjin,
656,y00ngisk0sm0s,The Magic Shop
657,JMS0UL,belle & taekook
658,pumplarosa,Â ğ“¯ ğ˜½ğ™ğ™ğ™†ğ™• 
659,bangluvluv,
660,mikrokosmos_LY,
661,Fookin_Losaaah,Princess Park 
662,thkimtaehyung,
663,antonia_rozas,
664,Btsfanf02212759,
665,vmystar,ğ˜”ğ˜°ğ˜°ğ˜¯ by ğ™…ğ™ğ™£
666,luxxc7,
667,euphoriatommo,in eroda
668,GolsaOt7,
669,Ioonko_,Magic Shop â™¡
670,armybts238,
671,josyoon,"TamalÃ­n, Veracruz de Ignacio d"
672,priscila_cassis,Democratic People's Republic of Korea (North Korea)
673,bell_moonie7,
674,ironicseul,          ğ—‹ğ–¾ğ–½ ğ—ğ–¾ğ—…ğ—ğ–¾ğ—.
675,janin98x148251,
676,soulmatesminv,"Seattle, WA"
677,ImSweetWinter,
678,kimJohayna,Algeria
679,kimJohayna,Algeria
680,daniela06244597,
681,BTS_SNOWBALL_,
682,natsume_103,é–¢æ±
683,Lucia73555185,{LOS BRAZOS DE PARK JIMIN}
684,amira_lomi,
685,Bluesideh7,ot7
686,btsarmy_245,"Texas, USA"
687,btsredcarpet,
688,jeonlustial,canada ğŸ‡¨ğŸ‡¦
689,jingerbread_124,ğŸ¹ğŸ¡
690,namuinterlude,
691,cypherfortae__,taegi & sope;;
692,n__amu,â™€|  20
693,Dearmybangtan7,Indonesia
694,evanescsent,pack: https://tearbtss.tumblr.com/
695,AloHope1,
696,DANDAN52794021,
697,CamilaBahena4,
698,Kras1627,"PanamÃ¡,Chiriqui"
699,PAVEDTHEWAY_B7S,Home ğŸŒŒMagic ShopğŸ‚
700,PJiminSquad95,Ative as notificaÃ§Ãµes ğŸ’›
701,bluemoonchild4,
702,Army_forever_22,
703,JoanaMatosAlves,"Sierre, Suisse"
704,soekjinne,
705,LeehSRosa,Brazil
706,smollgoogie,sighing for bts. (à¹“'Íˆ Ë˜ 'Íˆà¹“)
707,mxxxpk,
708,bang_deon7,Mikrokosmos
709,Kaya23cz2,
710,JenniArmy25,Venezuela
711,mytearjjk,"Michigan, USA"
712,GrRRrRRrrRR2006,
713,Agostin80872460,
714,jm_ny1223,United States
715,promiselyjikook,ğ™±ğšƒğš‚ â™¡ 
716,Jenng1rlx,hope world
717,positivekook,ğ’ğ’–ğ’ğ’•ğ’Š â™¡ï¸
718,joon06130912,
719,ManuuhM_,
720,eternalxjk,I just want to die 
721,jeonnma,Zero Oâ€™clock
722,bts_love_agust_,ìœµê¸°
723,SaraBangtan5,
724,iamrealjungkook,
725,Alii_BTS,"Comunidad de Madrid, EspaÃ±a"
726,YoonkrooKosmos,
727,itsbangtanstan2,
728,Farzanmoein3,
729,annie_mei7,Peru
730,Mzz_BTS,
731,armybts238,
732,GilrSunflower,
733,Blue_ViTae,Mexico City â˜¾ Ö†hÎ±dÏƒà¯°*áµ© áƒ§^áµŒáµ
734,Capitao_Vante,"ParanÃ¡, Brasil"
735,IwEbIsodE,who knows
736,KSolarmy,-- Lá´á´ á´‡ Yá´á´œÊ€sá´‡ÊŸÒ“ Bá´‡á´€á´„Êœ --
737,BTSARMY00919184,
738,ttaekook_ym,TÃ¼rkiye
739,evanescsent,pack: https://tearbtss.tumblr.com/
740,jingerbread_124,ğŸ¹ğŸ¡
741,Ludimila2104,
742,euphoriatommo,in eroda
743,jjkxst,Magic Shop
744,chrygloss,
745,yung84303556,
746,chiiimchiiim95,"Valenciennes, France"
747,yoongs__love,ë°©íƒ„ì†Œë…„ë‹¨ ğŸ’ ë¯¼ìˆ˜ê°€ 
748,junelovesleaves,"Missouri, USA"
749,Strawbwi7,Daegu
750,littletaekook0,
751,NdowedDAEGU,Magic Shop 
752,JemayaMartinez,
753,jeonwink_,à¹ƒà¸™à¸•à¸¹à¹‰à¹€à¸¢à¹‡à¸™à¸ˆà¸­à¸‡à¸à¸¸à¸
754,tarabuble,Map of The Soul 7
755,ValeMar65593492,
756,Vante20596005,
757,koo_natali,
758,olivia42873307,
759,mooknamfon,ê¹€íƒœí˜•
760,Mohi_bts,BTS WORLDğŸŒŒ
761,Suni_Yon07,â¤ï¸ ARMY â™¥ï¸
762,taetae_child,Hope world 
763,YarimkaTK6,Dancing with another man
764,vntexagstd,STREAM ON 
765,ephourias,5rd
766,rubiusunbroken,Wonderland bitches â˜
767,inthejkth,ğ’¯ğ’¶â„¯ğ“€â„´â„´ğ“€...................
768,armybts238,
769,volyoon,Ø§Ù„Ù…Ø³ØªÙ†Ù‚Ø¹
770,yowhadupitsme,wherever tf is BTS rn 
771,itsliiv_,vmin + jojoâ™¡
772,5598VP,
773,RNWWuxozWsR5t8h,
774,TaeTae_ARMY14,
775,sabrinamellado3,Coldwater
776,piyococoa0208,ãƒ–ãƒ‰ã‚¦ ãªã— æŸ¿ æ¢… ã‚¯ãƒ«ãƒã®ã¾ã¡
777,punnyjoonie,she/her 17 
778,vxnte95,bangtan âœ° valentin âœ° mateo
779,gguklov3,ariana grande
780,xamypao,"Barranquilla, Colombia"
781,burngrl,â˜ï¸ ğ“ğ’¾â„¯ ğ’»â„´ğ“‡â„¯ğ“ˆğ“‰ â˜ï¸
782,CallMeAngie3,EspaÃ±ağŸ‡ªğŸ‡¸
783,_googiekookie,Ù…Ù…Ù„ÙƒØ© Ø§Ù„Ø¨Ø­Ø±ÙŠÙ†
784,Am_12144,
785,Jinnisrj,ğŸ‘
786,Mariaenlasnubes,Tae's heart
787,Taenni_,large beol la la??
788,palletchuu,ğŸ¥ + ğŸ°
789,Army_forever_22,
790,jiminsgender,poly!bangtan
791,valhopi,MÃ©xico
792,bts_ilovely95,???
793,puJinzeira,Konoha
794,armybts238,
795,CallMeAngie3,EspaÃ±ağŸ‡ªğŸ‡¸
796,baejinfetus,â˜…
797,Kivishyta,En un rinconcito Ã¹wÃº
798,Atul1306,
799,ayumighasali,"Kuala Lumpur, Malaysia"
800,miriagustd,army
801,pixulapamivieha,
802,daysiiiix,multi | ğŸ‡¨ğŸ‡¦ğŸ‡µğŸ‡­
803,93sfave,She/herğŸ‡³ğŸ‡¬
804,TwinkleLuv_V,í‰ìƒ ë‹¹ì‹ ë§Œì„
805,adjp102,United States
806,sonder3333,Nirvana
807,JaneJ89196851,ëŒ€í•œë¯¼êµ­
808,MelhorComeback,ğŸ°+ğŸ£;
809,Sansanjee1,Bangladesh
810,CallMeAngie3,EspaÃ±ağŸ‡ªğŸ‡¸
811,LeehSRosa,Brazil
812,bts_jjal,ArmyğŸ’œmoomoo/ot7ğŸ’«ot4
813,rubidia,California
814,HopeMintchoco,
815,Bey21MicDrop,"Texas, USA"
816,vantesbest, ot7 aqui fih
817,mooknamfon,ê¹€íƒœí˜•
818,ARMY_BTS_1218_,
819,_JiminMbeju_,Mbeju con coca
820,_OurBangtan,"Georgia, USA"
821,behappyinbts,
822,Mohi_bts,BTS WORLDğŸŒŒ
823,btspecial95,á´ºáµƒáµÊ²áµ’áµ’â¿ áµˆâ±áµáµ–Ë¡áµ‰Ë¢ ËËŠË—
824,armybts238,
825,joon06130912,
826,CallMeAngie3,EspaÃ±ağŸ‡ªğŸ‡¸
827,RNWWuxozWsR5t8h,
828,BB964805131,
829,PrincesaDoYoon,Hope World
830,UGHYNKOO,yoonkookâ™¡ 
831,dekujimins,ua
832,MelinaBTS4,BTS  
833,yqungi,genius lab
834,seokjinniextxt,
835,giseledute,1/2 Gi-Ka ğŸŒˆ ela/dela - she/her || 94'
836,jimaurk,"California, USA"
837,ofthenightc,â€”dm are openâ™¡
838,skk3kiki,tokyo
839,BTS61120,
840,93fuzzy93,United States
841,essizarmy,Turkey
842,Monze_kt07,
843,_googiekookie,Ù…Ù…Ù„ÙƒØ© Ø§Ù„Ø¨Ø­Ø±ÙŠÙ†
844,haftae,
845,daeguardian,Brisando em Daegu
846,Taehyung_aaah,â™¡â™¡â™¡â™¡
847,Suga_Gummy,"Missouri, USA"
848,whalien789,Mi Casa
849,Technocity_MKV,Everywhere and Nowhere
850,BTSonyasty,
851,armybts238,
852,NdowedDAEGU,Magic Shop 
853,jiminsgender,poly!bangtan
854,vimin72,
855,LOUderthanbombw,*ï¸âƒ£BTSPOP*ï¸âƒ£
856,lonely_whale_m,"Guadalajara ,Jalisco, MÃ©xico"
857,Moncat191,
858,jimnbloom,
859,KilapiAmelia,"NeuquÃ©n, Argentina"
860,Taeofbtss,MÃ©xico
861,hyejun0212_B,
862,minimonilovee,
863,calicocatmommy,moon
864,justjunqkook,ğŸ‡¯ğŸ‡µğŸ‡¦ğŸ‡º
865,KSolarmy,-- Lá´á´ á´‡ Yá´á´œÊ€sá´‡ÊŸÒ“ Bá´‡á´€á´„Êœ --
866,eternallymonii,
867,TaTa_TaeTae1995,
868,Daisyjoaquin7,"Jalisco, MÃ©xico"
869,babie_guk,
870,SaraBangtan5,
871,Mohi_bts,BTS WORLDğŸŒŒ
872,Lou_7na,
873,bts_p_m_,ĞºÑ€Ğ¾Ğ²Ğ°Ñ‚ĞºĞ°â™¡
874,savansrams456,
875,JDBUf0Q437svj75,
876,grinchbad7,The House happy armyâœ¨
877,xykx14,"Berlin, Deutschland"
878,ArabSuga1,
879,RNWWuxozWsR5t8h,
880,Sailorfan2,
881,ga_xiom,
882,suggloss,only bts / swÌ¸s 
883,antonia_rozas,
884,yoongs__love,ë°©íƒ„ì†Œë…„ë‹¨ ğŸ’ ë¯¼ìˆ˜ê°€ 
885,Army_forever_22,
886,mikrocosmospjm,ğŸ’œ ğ•†ğ•‹ğŸŸ ğŸ’œ 
887,armywithlove18,BANGTANxARMY LAND
888,IamMaaar16,
889,Queeb_13,
890,BTSonyasty,
891,jiminiiiepark,manonâ€™s heart
892,softwchannie,look mom i can fly
893,CallMeAngie3,EspaÃ±ağŸ‡ªğŸ‡¸
894,j_mirana,Ğ’ Ğ³Ñ€ĞµÑˆĞ½Ğ¾Ğ¼ Ğ¼Ğ¸Ñ€Ğµ 
895,btsbunnyjk20,Indonesia
896,CampRedw00d,
897,VivianaReyna_,MÃ©xico
898,salivapathos,"New York, USA"
899,mingless97,Algeria
900,Taeofbtss,MÃ©xico
901,bangluvluv,
902,MaChiJune1993,Magic Shop - Capasound
903,dreambts7,La RÃ©union
904,jefa123jm,ğŸ‘‰ğŸ‘ˆğŸ¾ğŸ’
905,yuna1034,
906,_googiekookie,Ù…Ù…Ù„ÙƒØ© Ø§Ù„Ø¨Ø­Ø±ÙŠÙ†
907,PAVEDTHEWAY_B7S,Home ğŸŒŒMagic ShopğŸ‚
908,YoongiKp0,yoongi's bed
909,larryyoonmin,
910,Tiffany88695712,
911,Vanessa58516281,
912,trilcem7,
913,nrhyt_yldrm,"Ä°stanbul, TÃ¼rkiye"
914,huffnpuff_mp3,20 ||she/her||
915,purple_u_GYONGI,
916,_Tae_Masita_,en mi casa
917,NdowedDAEGU,Magic Shop 
918,KarlaSi94716650,
919,alooofest,Jeddah
920,alnitakim,ğŸ‡²ğŸ‡½
921,yugbiamon,"SÃ£o Paulo, Brasil"
922,sugascare,ì§‘;ğŸ¡
923,ughhsope,joonâ€™s tiddies | MY ğŸ‡²ğŸ‡¾
924,xykx14,"Berlin, Deutschland"
925,pjmjjk959713,"Barcelona, EspaÃ±a"
926,adjp102,United States
927,Mohi_bts,BTS WORLDğŸŒŒ
928,C_dominikaM,"England, United Kingdom"
929,Suni_Yon07,â¤ï¸ ARMY â™¥ï¸
930,sorafirstlove,United Kingdom 
931,vantestary,ğŸŒ™
932,Paola0510429605,
933,sajmni,JIMIN
934,amylouisecullen,"Dublin, Irelandî„"
935,fixiogy,
936,vanteteex,@BTS_twt  [25.05.2019] ğŸ¾
937,Ggukkst,Hope world 
938,_Misa0109,
939,jks995,
940,RoxyJK_Euphoria,
941,evanescsent,pack: https://tearbtss.tumblr.com/
942,pyuuchii,
943,NWMUqzTiO8XIIrO,
944,cafecitoBangtan,âªâ£ï¸ğ‘»ğ’‰ğ’Šğ’” ğ‘¾ğ’ğ’“ğ’ğ’…â£ï¸â™”
945,AMEL_BTS_twt,Tunisia
946,euphorian_glow,
947,SaraDh50567297,Mauritania
948,Atul1306,
949,innrjk,
950,waideweik,Into the Magic Shop
951,Issabel1103,
952,jeongguk_loml,
953,Army_forever_22,
954,DeviAzza6,
955,CallMeAngie3,EspaÃ±ağŸ‡ªğŸ‡¸
956,borjuise,
957,Jossloth,Peru
958,CallMeAngie3,EspaÃ±ağŸ‡ªğŸ‡¸
959,BrazilianArmys,"SÃ£o Paulo, Brasil"
960,taehyungiesksk1,
961,i_army_triples,
962,ontitletrack,slav teamğŸ§ƒ
963,J000218,HOPE WORLDğŸ¿
964,SaraFreille,Bunsan
965,kingdomof81,
966,Noon__Naruemon,
967,fanaccms,
968,miwachi1217,ç„æ¨¹ãã‚“ã‚’ä¿¡ã˜ã¦å¾…ã£ã¦ã‚‹â€¦
969,bts_junk00k,"Distrito Federal, MÃ©xico"
970,CallMeAngie3,EspaÃ±ağŸ‡ªğŸ‡¸
971,taevantestan,"Rio de Janeiro, Brasil"
972,chiiyan2525,æ—¥æœ¬
973,BTSonyasty,
974,kimJohayna,Algeria
975,thedouniax,
976,CallMeAngie3,EspaÃ±ağŸ‡ªğŸ‡¸
977,NdowedDAEGU,Magic Shop 
978,MahFelixS,Brasil
979,boywluvjk,she; dont call me sis
980,rockstarseokjin,OT7ğŸ’œ
981,e_babykoobi,blm
982,GeniusMin04,Paraguay
983,joohe_ony,"Los Angeles, CA"
984,n1TdHbF6Qtbz5pY,
985,Alma_YgR,United States
986,lightsmp3,amanda; xxvii toronto she/her
987,purplemonarchy,
988,jjkinluv_,Brasil
989,gfcjikooksj,ì‚¬ë‘í•´ â”€ jjkpjm 
990,BloomVenue, NeoZone
991,Mohi_bts,BTS WORLDğŸŒŒ
992,Moncat191,
993,IngridGhinna2,Madrid. EspaÃ±a
994,Fookin_Losaaah,Princess Park 
995,swe4tae,jimin's hair
996,giiaaaaaaaa,Georgia
997,Army_forever_22,
998,iamnotyou101,
999,arthur_daudon,"Rebreuve-Ranchicourt, France"
1000,micaxtae,"TucumÃ¡n, Argentina"
1001,u_satoka,
1002,JeanCenita,
1003,pan_zl,
1004,PelleShepp,#Clown #MurisGang #AndyGang
1005,mikroskosmel,bts paved the way
1006,aeyshaakhtar786,BTS WORLD.... 
1007,AntoAquino13,
1008,_LIVANA_04,
1009,7cherrywine,Ë¢Ê°á¶¤á¶°áµáµ‰áµá¶¤ á¶°áµ’ áµÊ¸áµ’Ê²á¶¤á¶° || ğŸ‡²ğŸ‡½
1010,VsarKook,Kim Taehyungâ™¡
1011,Fernand29941028,MÃ©xico
1012,alinesousalopes,brasil
1013,gtg0623,
1014,Jessie_M7,Magic Shop
1015,ammaluuu,
1016,estellajj2,
1017,ayampedess,"Magelang, Jawa Tengah"
1018,JoonsMoon17,
1019,Nozomi24030981,
1020,__LittleMo__,
1021,Melanie23337110,Toluca De Lerdo
1022,chowderclam3,
1023,isbmsidnyy,
1024,jhopezsky,"Bahia, Brasil"
1025,JIMIN_UAE,United Arab Emirates
1026,shelmihardbts,RepÃºblica Popular DemocrÃ¡tica 
1027,yoongatitogay,ğŸ‡¦ğŸ‡·
1028,VbonnyBangtan42,Pearl of the Orient Sea
1029,Blackblood12881,ëŒ€í•œë¯¼êµ­
1030,YukiNoHana_875,SORRY...â–„ï¸»Ì·Ì¿â”»Ì¿â•â”â”         
1031,Anusha2810,
1032,_____mr_mochi,
1033,yooniekins,Bts 9-10/10/18 1-2/6/19 ğŸ’˜
1034,EarthTata,Taehyungs Heart ğŸ’œ 
1035,btsworld_07,"Busan, Republic of Korea ğŸ‡°ğŸ‡· "
1036,koakokoara,
1037,Noemi03372491,Guatemala
1038,syubjim,23; s/h. RPSâ£ï¸
1039,Blue_tterfly07,Home: NAMJOON NATION
1040,Malfir_,Berlin
1041,jortinimendes,vasco
1042,shitpp_7,"Berazategui, Argentina"
1043,RoseSil72782193,
1044,Sick_Jackers,
1045,KOOPITO_,Guatemala - Quetzaltenango
1046,P2Sultana,
1047,larmylovesbts,
1048,2525mire,PerÃºğŸ‡µğŸ‡ªâ¤ï¸
1049,todorokisbabey,ğŸ‡ºğŸ‡¸ 
1050,CamiBTS07,"SÃ£o Paulo, Brasil"
1051,Nelivh,#ì˜¤ â˜¾â˜¼ ê½ëƒ¥ê½ëƒ¥ ì„œì§ìƒµ_VOPE 95linerIsâ™¥
1052,LushailiaN,South Africa
1053,Sugawolf9492,
1054,TinaGh19,Ø¬Ù…Ù‡ÙˆØ±ÛŒ Ø§Ø³Ù„Ø§Ù…ÛŒ Ø§ÛŒØ±Ø§Ù†
1055,hotgirljisoo,
1056,GolsaOt7,
1057,bts_whipped2013,namjoon's titties 
1058,dolcpn,
1059,Jenng1rlx,hope world
1060,kats_oek,Guyana
1061,BECKYFTBTXT,Magic Island 
1062,javiernavajuar1,"Gustavo A. Madero, Distrito Fe"
1063,2SE0KIES,"California, USA"
1064,BTSonyasty,
1065,HopeMintchoco,
1066,bts__ateez_,
1067,Iteqikigai_D,Hope WorldÂ°
1068,heartjguk,Ğ½Ñ”Î±rÏ„Ğ²Ñ”Î±Ï„
1069,Melanie23337110,Toluca De Lerdo
1070,adjp102,United States
1071,min02tef,Peru
1072,AngryKingYoongi,"Callisto, Jupiter"
1073,ItsMia_Bich,S a d n e s s æ— é™
1074,chimberrypj,
1075,yuuriiyo,
1076,grlsmeetsevil,rio de janeiro
1077,28_4EverYoung,
1078,evanescsent,pack: https://tearbtss.tumblr.com/
1079,LorenaN47153834,
1080,REMINISCENE_BTS,ğğ«ğ¨ğŸğ¢ğ¥ğ : ë‘ìœ ë°ˆ
1081,tinytommoz,princess park.
1082,C_dominikaM,"England, United Kingdom"
1083,93fuzzy93,United States
1084,May0414G,
1085,jiminmoster,"Guarenas, Venezuela"
1086,Alii_BTS,"Comunidad de Madrid, EspaÃ±a"
1087,javiera22345069,ğ“’ğ“—ğ“˜ğ“›ğ“”
1088,Fookin_Losaaah,Princess Park 
1089,Bianca73428982,
1090,SweeMost7,MAP THE OF SOUL 7
1091,_letminknow,jinâ€™s world wide shoulders
1092,swxxt_n_sxur,"Rome, Italy ğŸ¨"
1093,S371jm,
1094,NebulaAzul,
1095,inner_honeymoon,Â¡bangtan loves bangtan!
1096,marthapurpleu,
1097,JimeAle7,Argentina
1098,natalia_silska,
1099,bts_ilovely95,???
1100,whichastar1,
1101,JeanCenita,
1102,joonedsofia_c,
1103,jv_hguk,"Santiago, Chile"
1104,JiyaK15,"Islamabad, Pakistan"
1105,namgru,"Georgia, USA"
1106,seokjinniextxt,
1107,JHOPE_PORTUGAL_,Portugal
1108,chiiyan2525,æ—¥æœ¬
1109,ngelaPazAlvara1,
1110,NWMUqzTiO8XIIrO,
1111,QuynhHo20730656,Viá»‡t Nam
1112,jhopezsky,"Bahia, Brasil"
1113,fairytailjin,"Stan BTS,Seventeen,Twice ğŸ’’ğŸ’"
1114,delacrome_2000,En el corazÃ³n de jimin ğŸ’œ
1115,SporaYora2,Malaysia
1116,mochiluisa,"SÃ£o LuÃ­s, Brasil"
1117,DaniCypherTear,Êœá´sá´‡á´á´‹Â á´›á´‡Â á´€á´á´Â á´á´œá´„Êœá´Â sá´ÊŸá´‡á´„Éªá´›á´â˜€ï¸
1118,gukslileuphoria,
1119,p1nkbunn1e,17 
1120,BlahBle47811710,
1121,IonyJk,
1122,agustdtz,myg â™¡ bts
1123,graceXhei,Lapu-Lapu City
1124,Yoongis61150301,"Háº£i PhÃ²ng, Viá»‡t Nam"
1125,taesloveme,
1126,Jenng1rlx,hope world
1127,ja8R7MRerbxlgwQ,
1128,dolcpn,
1129,saphirmoons,171018 ğŸ’œ bts ly tour âœ§â™ª
1130,opajee,"Portland, OR"
1131,Jessie_22019,"SÃ£o Paulo, Brasil"
1132,TAN_is_love,ğŸ‡°ğŸ‡·
1133,evanescsent,pack: https://tearbtss.tumblr.com/
1134,AngelKimMikka,
1135,7reasonsforme,"SÃ£o Paulo, Brasil"
1136,RoxyArmyB7,Venezuela
1137,NWMUqzTiO8XIIrO,
1138,TranquilKoala,"California, USA"
1139,FakeTruth_LYT,||â—â—‰ Fan account â—‰â—||
1140,_Joonies_moon_,joonie's thigh
1141,Bangtanilay1,
1142,Blackblood12881,ëŒ€í•œë¯¼êµ­
1143,seokjinniextxt,
1144,analucia_3011,
1145,bngtanrelic,ğŸ‡¦ğŸ‡·
1146,bts_love_agust_,ìœµê¸°
1147,vanteteex,@BTS_twt  [25.05.2019] ğŸ¾
1148,armyndie,ela/she
1149,dolcpn,
1150,Park_Jiminie29,Argentina ğŸ‡¦ğŸ‡·ğŸ’œuwu
1151,_victoryme,ë…¸ë˜
1152,larryyoonmin,
1153,army_v14,
1154,Jessie_M7,Magic Shop
1155,GREEDJKS,jjkâ€¢nycğŸ¤‘
1156,KtyuskDyl,Peru
1157,mYGiLHsrxsK0hSN,
1158,sarahpurdy69,Listening to kpop 24/7
1159,Fernand29941028,MÃ©xico
1160,yourthamg,semi-hiatus
1161,xuxijelu,
1162,squibear,acc de respaldo: @Innercchild
1163,bang_vil,Al final de la lÃ­nea 
1164,Bluesideh7,ot7
1165,jiminsgender,poly!bangtan
1166,innaermoon,"Thessaloniki, Greece"
1167,Black_heart5678,
1168,skooluvaffair,
1169,kkittsune,
1170,LoveChimmy10,
1171,minsuga72,
1172,Moonchild_0310,ot7 // namjoon //
1173,innerchlds,she/her
1174,Mari23393,"Houston, TX"
1175,Oficialcasal24,"Rio de Janeiro, Brasil"
1176,dolcpn,
1177,LorenaN47153834,
1178,tarabuble,Map of The Soul 7
1179,LeehSRosa,Brazil
1180,Fookin_Losaaah,Princess Park 
1181,Kimbora180605,ARMY House 
1182,AnilArshaa,
1183,JimeAle7,Argentina
1184,Suni_Yon07,â¤ï¸ ARMY â™¥ï¸
1185,mayaralee98,
1186,Alii_BTS,"Comunidad de Madrid, EspaÃ±a"
1187,shy_jiminssi,
1188,MinYoon60892037,
1189,Vitorian22,
1190,Anusha2810,
1191,vantaehy,ğŸ°+ğŸ¯ 
1192,NWMUqzTiO8XIIrO,
1193,Poori98240127,
1194,QuynhHo20730656,Viá»‡t Nam
1195,Blackblood12881,ëŒ€í•œë¯¼êµ­
1196,Sick_Jackers,
1197,lovingpkjm,Argentina
1198,ewphor1a,
1199,SOPEANDKOOKIES,
1200,escobarMin93,"Argentina,pobres pero piolasğŸ˜"
1201,bxrbssi,"Jakarta, Indonesia"
1202,junsora,æ½¤ãã‚“ã¨åŒã˜ç©ºã®ä¸‹
1203,_eerrrrrrr,.
1204,evanescsent,pack: https://tearbtss.tumblr.com/
1205,_harrmannx,Sydney 
1206,Melanie23337110,Toluca De Lerdo
1207,VioletL_Phoenix,New York City
1208,AnneadamA10,
1209,JellySpace_,
1210,ymwithluv,ğŸš« repost. 
1211,hyejun0212_B,
1212,charitias,à¸›à¸£à¸°à¹€à¸—à¸¨à¹„à¸—à¸¢
1213,kookiiemochii,BTS world
1214,whitesuga_14,Beyond the Scene = Bangtan'sğŸŒ
1215,VaneRey70524872,
1216,jhopezsky,"Bahia, Brasil"
1217,93fuzzy93,United States
1218,jiminibebe,
1219,Solang024,
1220,jeounggf,
1221,jm_zoo,
1222,worldwidepeach,she/her
1223,eichan58,æ—¥æœ¬
1224,_ThePurpleSwan_,
1225,GOLDENFISH_h,
1226,minjoonwise,bts & ggs | jkjm
1227,btspowerarmy1,
1228,tequilahobi,"TaeGi AU ""Actors Needed"" AO3"
1229,wskksw23,Scotland (and Hope World)
1230,NuriaStars,teamwork makes the dream work.
1231,mooknamfon,ê¹€íƒœí˜•
1232,patylimache,"Lima, PerÃº"
1233,Lociner,
1234,joshuaphases,Brasil 
1235,bts_ilovely95,???
1236,2SE0KIES,"California, USA"
1237,tkhopex,Kth + JjkğŸ˜ŒğŸ’œ
1238,Nicoar13,
1239,nochumybae,myhouse
1240,beginlarity,ğŸ¤¡
1241,KimYuna80322091,"SÃ£o JosÃ© dos Pinhais, Brasil"
1242,_poppinkai,Ë¢áµ‰áµ’áµÊ²á¶¦â¿Ë¢ áµ‰áµƒÊ³áµ—Ê°
1243,seokjinniextxt,
1244,purplemonarchy,
1245,mikroskosmel,bts paved the way
1246,jellybeanjj22,Dubai
1247,134340Idle,Home
1248,y00ngi_dulcet,Neverland
1249,ja8R7MRerbxlgwQ,
1250,mayaralee98,
1251,SweeMost7,MAP THE OF SOUL 7
1252,ohbIimey,
1253,himekaori1206,
1254,Blackblood12881,ëŒ€í•œë¯¼êµ­
1255,jeongguk_loml,
1256,MahFelixS,Brasil
1257,x_MOARMY_x,France
1258,Yoongi_Hyunguwu,
1259,MiwaJJK,
1260,May0414G,
1261,jm_zoo,
1262,Infinitebtsarm1,Republic of Namjoon
1263,_bangphoria,Peru
1264,Coree_du_Sud,France
1265,Serendipity_nmr,
1266,Yu31Ko_chi83,åŒ—æµ·é“
1267,tetestarry,â™¯taegguk
1268,fay__1219,
1269,VokshiMirjeta,Albania
1270,xuxijelu,
1271,yokoyansdiego,Chile
1272,NinaRaquel8,"Aquiraz, Brasil"
1273,otsusope,bts & mdsz
1274,DolgushevaTanya,
1275,Dark20491,BangtanlÃ¢ndia
1276,cherrysforjimin,ğ™»ğ™¼/ğš‹ğšŠğš—ğšğšğšŠğš—ğŸ¡
1277,namjamzv,
1278,jas_1yn,
1279,Dalyisyourbitch,"en tu corazÃ³n, hermosx"
1280,Jimin_Seba,
1281,Coree_du_Sud,France
1282,13_army06,ğŸ‡²ğŸ‡½ Cd. JuÃ¡rez|El Paso Tx
1283,SaraBangtan5,
1284,TanShuShu1,New York 
1285,876_BTS,ğŸ‡¯ğŸ‡²
1286,ARMY_MX_,"Cuernavaca, Morelos"
1287,Nelivh,#ì˜¤ â˜¾â˜¼ ê½ëƒ¥ê½ëƒ¥ ì„œì§ìƒµ_VOPE 95linerIsâ™¥
1288,cavallarimalu,No seu coraÃ§Ã£o bb
1289,Chimmy_959799,
1290,prfctlyxstyles,ğ–¿ğ–ºğ—‡ ğ–ºğ–¼ğ–¼ğ—ˆğ—ğ—‡ğ— âœ°
1291,jbxtae,"jb follows | dec 25th, 2014"
1292,LariihSilvC,"PetrÃ³polis, Brasil"
1293,Skyla97266172,
1294,PerlaRe87084779,"Baja California, MÃ©xico"
1295,Coree_du_Sud,France
1296,kkoky97,
1297,lovelyessencee,ğ¦ğ¢ğ«ğšğœğ®ğ¥ğ¨ğ®ğ¬ ğŸ
1298,hhh_o_unh,
1299,bang_vil,Al final de la lÃ­nea 
1300,Alvari19512435,
1301,evanescsent,pack: https://tearbtss.tumblr.com/
1302,angeIyeosang,missing x1
1303,Isis_2606,MÃ©xico
1304,B_i_z_z_a,"Ravensburg, Deutschland"
1305,Larsinhe,No quinto dos infernos ğŸ’œ
1306,bonjour_sally,"Wherever you are, BTS"
1307,RENREN69220460,
1308,kz3hnLLpHydX8Fk,"ĞœĞ¾ÑĞºĞ²Ğ°, Ğ Ğ¾ÑÑĞ¸Ñ"
1309,swe4tae,jimin's hair
1310,moraaa__a,ğŸ“
1311,QJSbrocca,
1312,jhopezsky,"Bahia, Brasil"
1313,jeonsgoogie,babie
1314,SONDERMIN,laila | she/her
1315,notjkswife,Portugal ğŸ‡µğŸ‡¹
1316,KoreasPrideBTS,"San Francisco, CA"
1317,lovely_jmssi,serendipityğŸ’›
1318,Melanie23337110,Toluca De Lerdo
1319,divahedgehog,YouCanPutAnythingHereWow
1320,bswanamgi,bangtan sonyeondan + txt
1321,ssmkj_20,
1322,SGrare_BTS7,
1323,graytaaehyung,Chile
1324,Viviane39707914,
1325,Paula23199411,
1326,_LIVANA_04,
1327,bangtanVestOfMe,Republic of the Philippines
1328,soaryoongi,Argentina 
1329,imParkAlice,
1330,pearlowrites,"Oregon, USA"
1331,ValeMar65593492,
1332,_Rw91,Kingdom of Saudi Arabia
1333,dulce__jimin,
1334,evanescsent,pack: https://tearbtss.tumblr.com/
1335,BTS_ARMYCAT,BTSUNIVERSE
1336,jisoofckme,
1337,scnryrose,         à¬¡à¬¼  ØŒ  ë¡œì œ  ğŸ§ºğŸŒ¿  ë‹¤í˜„ áŸ¡
1338,dennotsalsabila,
1339,Ola47115771,
1340,vivisjoon,Argentina
1341,bffc8006632e457,
1342,mytaeBias,Lejos de Bangtan:c Ot7â¤ï¸
1343,_Moon1204_,ìš•íŠ¸ã…‡ ì„ ê´„ì•ˆì¡
1344,etoototrad,
1345,Khalynn7,
1346,hamster_archive,turn notifs on | Â© on pics
1347,NicoMar97,El Salvador 
1348,bangluvluv,
1349,PerlaRe87084779,"Baja California, MÃ©xico"
1350,MaryBangtanArmy,Nueva Republica Army
1351,standejikook,JikookğŸ¾
1352,CRU5HTAE,black â€¢ she/her
1353,GomezAdara,"Valladolid, EspaÃ±a"
1354,dni_9,BTS-ATEEZ-BP-GIDLE-TREASUREâ™¡
1355,GaARMY7,"CabreÃºva, Brasil"
1356,jhooope_ho,
1357,SLUTTYCHIM,"Newark, NJ"
1358,moonnieJinnie,they/them
1359,tha_love_kookie,Jikook Land
1360,Jubs0202,"Salvador, Brasil"
1361,RENREN69220460,
1362,KilapiAmelia,"NeuquÃ©n, Argentina"
1363,lostinbangtan,
1364,doll_mitchy,
1365,bts_ktjj,ë°©íƒ„ìœ ë‘ìš”
1366,Kimkookmx,
1367,Atul1306,
1368,Yeonbluenie,
1369,Sugalaarity,ğŸ±ğŸ¯ğŸ°ğŸ¥
1370,btaescenerylove,ARMY Bureau of Investigation 
1371,KSolarmy,-- Lá´á´ á´‡ Yá´á´œÊ€sá´‡ÊŸÒ“ Bá´‡á´€á´„Êœ --
1372,angeIyeosang,missing x1
1373,Kimbora180605,ARMY House 
1374,kimeunyoo28,MÃ©xico
1375,honeybabiiie,â˜† ğ—â˜»ğ—‰ğ–¾ ğ—â˜»ğ—‹ğ—…ğ–½!!âœ¨ğŸ°ğŸŒˆËËŠË—q
1376,jeonclouds,Mexico 
1377,bonjour_sally,"Wherever you are, BTS"
1378,decalcxmaine,"ê¿ˆ , í¬ë§ , ì „ì§„ , ì „ì§„ "
1379,Tereza19839208,Slovenija
1380,ongakuhito,
1381,MoganMe,Islamic Republic of Iran
1382,Alii_BTS,"Comunidad de Madrid, EspaÃ±a"
1383,BoladoMili,
1384,Youn38916763,ëŒ€í•œë¯¼êµ­
1385,IonyJk,
1386,jenmots7,ğŸ¨ğŸ¹ğŸ±ğŸ¿ğŸ¥ğŸ»ğŸ°
1387,gcfvhobi,180922 + 190518-19
1388,Kooki_amor,Islamic Republic of Iran
1389,PJMG4Y,Brasil
1390,Ori23k,
1391,Suesan53936122,
1392,Jsvy15,Chile
1393,taehyungicy,
1394,_SpringDay7_,á´¹áµ’á¶œÊ°â±
1395,daisy_syy,
1396,cutebbtalen,Ğ£ĞºÑ€Ğ°Ğ¸Ğ½Ğ°ğŸ‡ºğŸ‡¦
1397,_taekooook,MNL ğŸ‡µğŸ‡­
1398,biapaulalion,
1399,divahedgehog,YouCanPutAnythingHereWow
1400,EvelynM1611,"Buenos Aires, Argentina"
1401,evanescsent,pack: https://tearbtss.tumblr.com/
1402,Hazard12530,Cloud Recesses
1403,SGrare_BTS7,
1404,Hoseoksunshin19,"Montevideo, Uruguay"
1405,ARASHI__97line,
1406,Vxntfilter,
1407,mariee34375538,Venezuela
1408,miriagustd,army
1409,taylorronald,
1410,5598VP,
1411,adjp102,United States
1412,ot7l0VER,Colombia
1413,Taeofbtss,MÃ©xico
1414,jungkooksempau,tkbs
1415,SaejinYoongi,Bangtan's HeartğŸ’œ
1416,OT7HOME,YOUNIVERSE
1417,CelmaFariass,
1418,Rudy_Eric,æ¨ªæµœã‚¢ãƒªãƒ¼ãƒŠ  ãˆãˆã¨ã“ã‚„ã§ï½—
1419,Paullet56812797,
1420,StacieMonroe15,MICHIGAN USA HOUSE OF EMINEM
1421,reemaa0_99,
1422,hoseoks_bitch94,
1423,antonia_rozas,
1424,kiwijooon,
1425,norahnyc,
1426,norahnyc,
1427,GaARMY7,"CabreÃºva, Brasil"
1428,lorrystutch,
1429,Paula23199411,
1430,swe4tae,jimin's hair
1431,cayetano_lei,Republic of the Philippines
1432,ahahapples,NYC
1433,AtengKkukku,LY Era
1434,Camila30793095,Bolivia
1435,taesbestie,vminhye +arichuu+ beystalli
1436,SvlYbJL4Sqj6qfA,ê·¸ ë§ì€ í¬ë„ì•Œ ì¤‘ í•œê°œì˜ í¬ë„ì•Œì—.. ìˆìœ¼ë©´..ã… ã… 
1437,jhopezsky,"Bahia, Brasil"
1438,happyjjin_BTS,ë°©íƒ„ë§ˆì„
1439,_SugaMEX_,
1440,HowardOriginal1,
1441,BT7stan,
1442,Yu31Ko_chi83,åŒ—æµ·é“
1443,swwetkekku,dahyundyğŸ­
1444,evanescsent,pack: https://tearbtss.tumblr.com/
1445,angeIyeosang,missing x1
1446,IonyJk,
1447,2SE0KIES,"California, USA"
1448,xoJikookox,Layout: correctgguk
1449,shopermintjinky,
1450,GaARMY7,"CabreÃºva, Brasil"
1451,cat_bts19,BTS World
1452,taetaepandaex,Colombia
1453,ksj2drippy,
1454,cookiesforsuga,
1455,Jungkook_myboy,Republic of Korea
1456,adjp102,United States
1457,EvelynM1611,"Buenos Aires, Argentina"
1458,BTS_P0P,AlgÃ©rie
1459,Mochi17983455,Ecuador
1460,ohbabau_,"Asarabia, Colombia."
1461,TaeGirlBr,"EspÃ­rito Santo, Brasil"
1462,pdsixteens,turn on ğŸ›
1463,GrRRrRRrrRR2006,
1464,jhooope_ho,
1465,DavinaWickel,Moenchengladbach
1466,taetaepionono22,ğ™»ğšŠ ğšŸğš’ğš ğšğš— ğš›ğš˜ğšœğš
1467,BTSARMY00919184,
1468,KTHSTOT, 
1469,anafertaae,
1470,epoh134,"Baltimore, MD"
1471,Zee_loves_bts,âœ¯ MÎ›Æ“ÄªÆ‡SÄ¤á¾á¹– âœ¯ğŸ³ï¸â€ğŸŒˆğŸ‡³ğŸ‡¬
1472,ILYSMBTS7,ğ•‹ğ•†ğ•ğ• ğ•‹ğ”¼ğ”¸ğ•„
1473,KAEPjjang_bts_7,
1474,LorenaN47153834,
1475,DiaWBangtan,"Chicago, Illinois "
1476,sakiraba0125,
1477,TaTa_TaeTae1995,
1478,ja8R7MRerbxlgwQ,
1479,angeIsBTS_,â™¡7 forever bulletproof 
1480,swe4tae,jimin's hair
1481,adjp102,United States
1482,purplebunny95,
1483,suga_holic0613,
1484,jiminmoster,"Guarenas, Venezuela"
1485,Alma_YgR,United States
1486,mmongiee,[BTS]. [ARMY]. [TXT].
1487,Blackblood12881,ëŒ€í•œë¯¼êµ­
1488,EvelynM1611,"Buenos Aires, Argentina"
1489,hottaemale,bts/harry acc
1490,Melanie23337110,Toluca De Lerdo
1491,evasbts,"Seoul, Republic of Korea"
1492,mariusouza,
1493,parkthaimin,"SÃ£o Paulo, Brasil"
1494,Sick_Jackers,
1495,BTS_Amber93,"Busan, Republic of Korea"
1496,btsworld_07,"Busan, Republic of Korea ğŸ‡°ğŸ‡· "
1497,KTHSTOT, 
1498,PETITJUNGK00K,ğŸ»ğŸ¼ğŸ¾ğŸ¾ğŸ¿
1499,KtyuskDyl,Peru
1500,Whalien52_WINGS,Guatemala
1501,Alii_BTS,"Comunidad de Madrid, EspaÃ±a"
1502,jkbaby_jmfairy,"Pelotas, Brasil"
1503,_bts_heartbeat_,I will miss you twt
1504,nos_bangtan,
1505,JiminnieUnicorn,Idris
1506,Anusha2810,
1507,Nelivh,#ì˜¤ â˜¾â˜¼ ê½ëƒ¥ê½ëƒ¥ ì„œì§ìƒµ_VOPE 95linerIsâ™¥
1508,greente89960147,Ğ£ĞºÑ€Ğ°Ğ¸Ğ½Ğ°
1509,jiminshairdye_,
1510,goldeneuphoriaa,26/05/2019 - SY tourğŸ’œ
1511,AnaARMYBTS8,
1512,ReignwithBTS,
1513,jiminssi_mx,MÃ©xico
1514,yoo_phoria,melb
1515,_googiekookie,Ù…Ù…Ù„ÙƒØ© Ø§Ù„Ø¨Ø­Ø±ÙŠÙ†
1516,awwbangtann,"Busan, Republic of Korea"
1517,jhooope_ho,
1518,kaslizxx20,Jimin 
1519,876_BTS,ğŸ‡¯ğŸ‡²
1520,fearsasylum,Nigeria 
1521,MYoonGiis_Rose,
1522,bts_jindung,
1523,NyxKltz,ğŸ‡²ğŸ‡½ â€” ğ™¾ğšƒğŸ½ ğ™°ğšğ™¼ğšˆ || ì •í˜¸ì„â™¡
1524,bts_pk_,
1525,_innershadow,HOME
1526,hopedreamsbp,EspaÃ±a
1527,sorry_bae06,"Buenos Aires, Argentina"
1528,bswanamgi,bangtan sonyeondan + txt
1529,armypna,
1530,Albahr_Seham,"Ø¬Ø¯Ø©, Ø§Ù„Ù…Ù…Ù„ÙƒØ© Ø§Ù„Ø¹Ø±Ø¨ÙŠØ© Ø§Ù„Ø³Ø¹ÙˆØ¯ÙŠØ©"
1531,bangtanvmoon,Peru-Nvo Chimbote
1532,cheirindosuga,
1533,gmb1RwxNtZgOnH3,
1534,VSHOPEWORLD,é»™ã£ã¦
1535,JMS0UL,belle & taekook
1536,GolsaOt7,
1537,Florxlsk_t,
1538,mariusouza,
1539,IrmaBangtanV84,
1540,guuksugaD,
1541,Alek1deSuga,PerÃº ğŸ‡µğŸ‡ª
1542,adjp102,United States
1543,ManuuhM_,
1544,estellajj2,
1545,larryyoonmin,
1546,bts_ilovely95,???
1547,OT7HOME,YOUNIVERSE
1548,softliltt,
1549,134340RBIT,
1550,joon06130912,
1551,evanescsent,pack: https://tearbtss.tumblr.com/
1552,yeahxsuga,satx
1553,tyabuko,æœ­å¹Œ
1554,crmImacchiato,"Colorado, USA"
1555,taevyu,fma+gintama+hxh
1556,NamJoon_MyKoala,"Lima, Peru"
1557,92ryujin,Â²âµâ°âµÂ¹â¹
1558,ak28254157_jin,
1559,innerchlds,she/her
1560,xScenerytae,
1561,Camila30793095,Bolivia
1562,Bluesideh7,ot7
1563,mikroskosmel,bts paved the way
1564,buteraxbangtan,Honeymoon Ave.
1565,__Gabriela3,ğŸ‡¬ğŸ‡¹
1566,benit_yadira,
1567,nunez_022402,En el corazÃ³n de YoongiğŸ’œ
1568,jhooope_ho,
1569,kimsxng_,
1570,bts_viany,
1571,Katdeli0n,ğ•ğ• ğ• ğ•¤ğ•’ğ•Ÿ ğŸŒ‚â˜”
1572,antonia_rozas,
1573,joonheart94,ğŸ‡²ğŸ‡½- 26/11/2016â­
1574,loverofvante,"SÃ£o Paulo, Brasil"
1575,MIJE427oybyHHq7,
1576,KSolarmy,-- Lá´á´ á´‡ Yá´á´œÊ€sá´‡ÊŸÒ“ Bá´‡á´€á´„Êœ --
1577,taesbestie,vminhye +arichuu+ beystalli
1578,jiminmoster,"Guarenas, Venezuela"
1579,TAEPPYU_1230,ê° íƒ€ì¡ë´‡ğŸ™…ğŸ»â€â™€ï¸ 96 we gonâ€™ change
1580,dalntae,
1581,Alii_BTS,"Comunidad de Madrid, EspaÃ±a"
1582,may_is_cool,
1583,BTS_CP,
1584,btslove_0000,
1585,bts_pk_,
1586,foolsangels,she/her
1587,namjamzv,
1588,TaeGirlBr,"EspÃ­rito Santo, Brasil"
1589,Leggiadro_0613,
1590,Itzi160,
1591,SGrare_BTS7,
1592,ja8R7MRerbxlgwQ,
1593,lwqire,ğŸ‡¸ğŸ‡¦
1594,Park_neZlata,Ğ—Ğ°Ğ²Ğ¸ÑĞ°Ñ Ñ‚ÑƒÑ‚ÑŒ â¬‡ï¸ 
1595,tetestarry,â™¯taegguk
1596,MAYOGI_twt,
1597,Ttaexjin,Argentina
1598,_moonJoonie_94,Ê™á´›êœ± ğŸ”­ á´œÉ´Éªá´ á´‡Ê€êœ±á´‡
1599,Strawbwi7,Daegu
1600,fofamo7md,Kenya
1601,bts2013k,
1602,Melanie23337110,Toluca De Lerdo
1603,shopermintjinky,
1604,alexdarkfang,
1605,wd_877,
1606,BtSprincesPup,Peru
1607,crystalsnow25,
1608,mytaeBias,Lejos de Bangtan:c Ot7â¤ï¸
1609,ShifraPinkhas,
1610,Mingriji,ğ™¾ğšƒğŸ½
1611,cat25561762,
1612,vicky_F19,"Rio de Janeiro, Brasil"
1613,antonia_rozas,
1614,Kalon_bts,
1615,VIEPOURPRE,kookoo'pingu
1616,seokjins_train,666
1617,BTSonyasty,
1618,Careen___n,
1619,madirubiuhh,MÃ©xico
1620,SaraDh50567297,Mauritania
1621,evanescsent,pack: https://tearbtss.tumblr.com/
1622,cypheratiny,
1623,love_ssol_self,
1624,JIMINILOVE952,BTCHIVAS ZUCULENTAS SQUAD
1625,bangtanVestOfMe,Republic of the Philippines
1626,kitty_of_BTS,nem sei onde to
1627,dearmochii,Philippines
1628,_yk4ria,
1629,NinaChoiJung,On Yunho's back
1630,Sick_Jackers,
1631,kyuukika,ali n raine
1632,kissymoonchild,
1633,aesthesky,neverland
1634,bffc8006632e457,
1635,vxnte95,bangtan âœ° valentin âœ° mateo
1636,angykookie_,"CantÃ¹, Lombardia"
1637,GrRRrRRrrRR2006,
1638,gohospitalplz,Magic Shop â™¡
1639,ynacai,Qc
1640,_googiekookie,Ù…Ù…Ù„ÙƒØ© Ø§Ù„Ø¨Ø­Ø±ÙŠÙ†
1641,Mariah76337235,"Oklahoma, USA"
1642,agustina7ON,Bangtan
1643,estellajj2,
1644,ArianaBangtan_,I DON'T KNOW
1645,HonneyMinPark,En tu corazÃ³n.
1646,naeunka,
1647,armyforever1107,
1648,SweeMost7,MAP THE OF SOUL 7
1649,bts_pk_,
1650,NyxKltz,ğŸ‡²ğŸ‡½ â€” ğ™¾ğšƒğŸ½ ğ™°ğšğ™¼ğšˆ || ì •í˜¸ì„â™¡
1651,evanescsent,pack: https://tearbtss.tumblr.com/
1652,_serenjimity,á´Šá´‡ssÉªâ†£á´›Êœá´‡ Ê€á´sá´‡â†£Éªá´›á´¢Ê
1653,ourjkkjm,na sua casa se deus quiser 
1654,EvelynM1611,"Buenos Aires, Argentina"
1655,jeonjoonies,
1656,zhuyanfavs,na porra
1657,purple_u_GYONGI,
1658,moontobts,Magic Shop
1659,Kookbinsang,Bs As Argentina
1660,jungklebook,asher                he/they
1661,Poori98240127,
1662,Musiclo22870263,"Western Australia, Australia"
1663,_SugaMEX_,
1664,Strawbwi7,Daegu
1665,Kookie29Jeon,Indonesia
1666,karen_correa1D,Colombia
1667,bangtanvmoon,Peru-Nvo Chimbote
1668,ja8R7MRerbxlgwQ,
1669,Jimin_Seba,
1670,Sansanjee1,Bangladesh
1671,kokura830,
1672,SeokjinftAriana,"Buenos Aires, Argentina"
1673,93fuzzy93,United States
1674,merakilas,
1675,Camila30793095,Bolivia
1676,taesdazai,160112 â™¡ 
1677,Maria_TAELand,Here Øª
1678,yourthamg,semi-hiatus
1679,seouljjm,soulmate
1680,YasGurl_BTS,Germany 
1681,vv_oinn,
1682,btsksksks__,Abu Dhabi
1683,jiminshairdye_,
1684,googietime,she 18
1685,choi_vly,"Barcelona, EspaÃ±a"
1686,idabeibeh10,"Yogyakarta, Indonesia"
1687,anyflower0t7,"CearÃ¡, BrasilğŸŒˆ"
1688,innerchlds,she/her
1689,RenascereBTS,"Metropolitana de Santiago, Chi"
1690,bts_ilovely95,???
1691,bffc8006632e457,
1692,FatimaAbbasi123,"Islamabad, Pakistan"
1693,wings7749,
1694,taesoulmin,hyyh
1695,kathyflora,"Los Angeles, CA"
1696,AnaARMYBTS8,
1697,Taebumjhyun,Soul Society
1698,taecolorstiny,Ğ˜Ğ·vĞ·ÑÔ¼aÖ€Õª
1699,GrRRrRRrrRR2006,
1700,evasbts,"Seoul, Republic of Korea"
1701,Black_heart5678,
1702,QueenFuuDas,Death Star
1703,taekookbiebers,
1704,AriantariDewi,"Bali, Indonesia"
1705,tinienamjoon,bts+dean!
1706,13434T0,171202| 181013| 190601| 190607
1707,TaeXsoobiN1,
1708,IamMaaar16,
1709,seraviru,"Numazu-shi, Shizuoka"
1710,LxiKy41, USA ğŸ‡ºğŸ‡¸
1711,myspringday9393,
1712,Karoljk10,
1713,BTSARMY_AV,
1714,uvnjum9,åµã®ã„ã‚‹å ´æ‰€ ğŸ’™â¤ï¸ğŸ’šğŸ’›ğŸ’œ
1715,Melanie23337110,Toluca De Lerdo
1716,UGHYNKOO,yoonkookâ™¡ 
1717,MlNGILUV,Ãªğ—ğ—‹ğ–¾. ğ–¿ğ–ºğ—‚ğ—‹ğ–¾ æš‘ã„ ğŸ”­
1718,ym48314,è¥¿ã®ç«¯ã£ã“
1719,BTS_VAV_ATEEZ,"bts, vav, atz, svt, txt, ect."
1720,yeosan9s,infp-t
1721,bulletproof_jn,Bangtan TXT Ateez EXO ğŸ‡¦ğŸ‡·
1722,taesbestie,vminhye +arichuu+ beystalli
1723,mxxxpk,
1724,Woosngx,"Milan, Italy"
1725,scenery_uwu,Peru
1726,BangtanARMommY,PURPLE Universe
1727,doll_mitchy,
1728,SaraDh50567297,Mauritania
1729,camila29565962,
1730,HoneymoonChains,"Utah, USA"
1731,dearmochii,Philippines
1732,JuNgK00kCute,
1733,VaneRey70524872,
1734,naoamimomo10161,æ—¥æœ¬ é«˜çŸ¥
1735,sariasamme,Bangladesh
1736,perisa1326,
1737,yswtete,á´¡ÉªÉ´É¢s || á´›á´€á´‡É¢Éª
1738,VANTESGlRL,
1739,bangtanbaegjo,
1740,Ggukkst,Hope world 
1741,JJK1997sep1,fan account
1742,MilagrosSagua,
1743,itboyskv,bts (êµ­ë·”) 
1744,peetiie,Con BTS  :'v
1745,babyscoiattolo,ğ–ğ–Šğ–‘ğ–‘
1746,Antonin38462523,"Copenhagen, Danmark"
1747,VokshiMirjeta,Albania
1748,Agustina_River_,Republic of Korea
1749,shopermintjinky,
1750,Camila30793095,Bolivia
1751,_MissYoongi,
1752,bffc8006632e457,
1753,TalvezNanoHope,
1754,JiminieIsMyGod,"Murcia, EspaÃ±a"
1755,BTSbeingLegends,Germany
1756,bangtanVestOfMe,Republic of the Philippines
1757,vernonsbone,lesbians and bis get in free
1758,ARMY11BTS_,
1759,purple_u_GYONGI,
1760,93fuzzy93,United States
1761,gguksseulgi,
1762,bts_ilovely95,???
1763,Nany89mon,Argentina
1764,Ttaexjin,Argentina
1765,innerchildjinie,
1766,taeggungi,
1767,hobixxsun,"BogotÃ¡, D.C., Colombia"
1768,Army67061313,
1769,Alexand67411189,"Bronx, NY"
1770,Afrodisiak4,
1771,biancabello53,"Chicago, IL"
1772,BTS_sunflower_,Paraguay
1773,cyndeilou,neverland uae
1774,SweeMost7,MAP THE OF SOUL 7
1775,poxaasi,ğ‘Œğ‘œğ‘¢'ğ‘Ÿğ‘’ ğ‘šğ‘¦ ğ˜©ğ‘œğ‘šğ‘’ğŸŒ¤ï¸
1776,Fernand29941028,MÃ©xico
1777,Seesaw_sugaD,A.R.M.Y ot7 
1778,Nelivh,#ì˜¤ â˜¾â˜¼ ê½ëƒ¥ê½ëƒ¥ ì„œì§ìƒµ_VOPE 95linerIsâ™¥
1779,bts_ktjj,ë°©íƒ„ìœ ë‘ìš”
1780,kayobom_j,ç›¸è‘‰çœŒ
1781,intaerovert,
1782,gyeranjjim_,ì¥ë˜í¬ë§ ê³„ë€ì°œ
1783,_MochiBunny97,At yo moms house 
1784,Malaefe,she/her
1785,Fannymoongirl,
1786,thzyvante,"we are not seven, with you "
1787,jmnsfiIter,blm
1788,JeanCenita,
1789,EvelynM1611,"Buenos Aires, Argentina"
1790,BTSonyasty,
1791,UGHCHINGU,i am not affiliated w any idol
1792,Paullet56812797,
1793,joelaguacatee,CNCO
1794,seokchrysant,Indonesia
1795,answer_vjin,ì£½ì–´ë„ë„ˆì•¼ê°€ ìœ ë‹›ê³¡ì„ğŸ˜‰ë·”ì§„í•œí…Œ ì§„ì‹¬
1796,Taegialw,"MedellÃ­n, Colombia"
1797,hobarist,they/sheâ”Šâš¢
1798,suga_will_hype,
1799,SusanaMinMeow93,
1800,Army9745206541,
1801,_Crowley_783_,Ğ¢Ğ°Ñ€Ğ´Ğ¸Ñ
1802,BurgundyCam,Multi all the way
1803,Lucia73555185,{LOS BRAZOS DE PARK JIMIN}
1804,erika_atanacio,
1805,jhopezsky,"Bahia, Brasil"
1806,t_a__o_t,
1807,Jhopeismylife12,
1808,ARMY11BTS_,
1809,enlessel,â·
1810,Lorcel26,France
1811,Ahgabebee,
1812,taegikook_uwu,llorando por 7 coreanos
1813,Lauriidd07,"Sevilla, EspaÃ±a"
1814,mooknamfon,ê¹€íƒœí˜•
1815,idabeibeh10,"Yogyakarta, Indonesia"
1816,DearMyOT7,France
1817,Aori23K,
1818,Mayar0613,"Giza, Egypt"
1819,RoxyArmyB7,Venezuela
1820,sadyoongiluvr,
1821,innerchildjinie,
1822,kittenyeonjunie,
1823,sugaysubelleza2,en mi cama ywy
1824,jjsxxa,kookmin
1825,jkjmhappily,Kookmin.
1826,SaraBangtan5,
1827,SweeMost7,MAP THE OF SOUL 7
1828,geniuslabwin,"#winwin: no thoughts,,, pussy"
1829,somevietmatsu,University Hell
1830,Annlicious2,"Macarthur, Eastern Visayas"
1831,kimseokjinsgf,seokjinâ€™s mind
1832,EvelynM1611,"Buenos Aires, Argentina"
1833,dionysusmap,
1834,TinaGh19,Ø¬Ù…Ù‡ÙˆØ±ÛŒ Ø§Ø³Ù„Ø§Ù…ÛŒ Ø§ÛŒØ±Ø§Ù†
1835,iniels49,
1836,Larsinhe,No quinto dos infernos ğŸ’œ
1837,GeniusMin04,Paraguay
1838,BTS_onlykings19,ğ“’ğ“±ğ“ª ğ“”ğ“¾ğ“· ğ“¦ğ“¸ğ“¸.â™¡
1839,BTS_Social50,Ativem as notificaÃ§ÃµesğŸ’œâš¡
1840,Nadnamv00,PerÃº
1841,notjkswife,Portugal ğŸ‡µğŸ‡¹
1842,perisa1326,
1843,Jasmim65276575,
1844,purplebunny95,
1845,ddaengbarbie,+502
1846,peetiie,Con BTS  :'v
1847,vimin72,
1848,nuigreentea,bighit
1849,xuxijelu,
1850,buterastaetae,OT7â™¡
1851,KarlaCguerra,San Pedro Garza Garcia
1852,ValeMar65593492,
1853,BTSbeingLegends,Germany
1854,swtseokjin,ğŸ‡¨ğŸ‡¦ğŸ‡µğŸ‡­ â€¢ she/her
1855,crystalsnow25,
1856,PattyYagu,"Quito, Ecuador"
1857,WH4LI3N52,ğŸŒ™ğ•ğ•šğ•œğ•£ğ• ğ•œğ• ğ•¤ğ•ğ• ğ•¤
1858,BaguanKaze,
1859,Youn38916763,ëŒ€í•œë¯¼êµ­
1860,wabtheeternal7,Colombia
1861,CsMtere,
1862,taetae_child,Hope world 
1863,beutiful_teen,
1864,cichocipek,he/his
1865,LucyTellez01,Backstage !!!
1866,minv_twt,she/her | 27 | minors dni ğŸ”â—ï¸
1867,Nicoar13,
1868,btsV17347497,ëŒ€í•œë¯¼êµ­
1869,AnialdNV,
1870,_born_to_slay,
1871,nette1108,
1872,scenery_uwu,Peru
1873,JustMe85325882,
1874,yaechii,
1875,yourthamg,semi-hiatus
1876,dBPRm7wj9cznv9W,
1877,volky_panda,"Puerto Rico, USA"
1878,OT7HOME,YOUNIVERSE
1879,adjp102,United States
1880,taetaepandaex,Colombia
1881,WhiteSwanArmy,
1882,mooknamfon,ê¹€íƒœí˜•
1883,bts_ilovely95,???
1884,_the7eternal,â† 191121
1885,seoksfighter,"Toronto, Ontario"
1886,camila9895,
1887,hobixxsun,"BogotÃ¡, D.C., Colombia"
1888,Somniatiny517,
1889,Rahilbtsarmy,
1890,hopemeet5evil,Btspop(ğŸ‡ªğŸ‡¬)
1891,ars_5n0617,
1892,Alek1deSuga,PerÃº ğŸ‡µğŸ‡ª
1893,dancelinetae,
1894,Natanielxxx,Kraina Spierdolenia~
1895,adonisgguk,koo â˜”ï¸
1896,bts_chicago_il,"Chicago, IL"
1897,amaraNOjams,
1898,saraihoseok,
1899,bucintaesso,Indonesia
1900,taeyhyunqv,
1901,taemintiez,ğŸ’ğ˜šğ˜ğ˜ğ˜•ğ˜ğ˜•ğ˜ ğ˜ğ˜ğ˜ğ˜ŒğŸ’
1902,HoseokFanbasept,Hope World
1903,hongqueenn,ğŸ¡ğ™–ğ™§ğ™¢ğ™®ğ™©ğ™ğ™£ğ™®ğŸ¡
1904,Fruityy_Taee,
1905,rapmangloss,ë¯¼ìœ¤ê¸° Ëšâœ§â‚Šââá·€àº»à½½â‰€ËÌ®â€†âá·€àº»à½½ââºË³âœ§à¼š ê¹€íƒœí˜•
1906,maiahihi_com,"HÃ  Ná»™i, Viá»‡t Nam"
1907,felizmentearm12,
1908,JesuDesu,"é•·é‡çœŒ, æ—¥æœ¬â™¡"
1909,kth_borahae,mi casa
1910,pan_zl,
1911,Fookin_Losaaah,Princess Park 
1912,GilrSunflower,
1913,recklessdragons,pv: @UGH__mp3
1914,iiiao_____39,æ«»äº•ã®ç¿”æ°
1915,alinepersona_,
1916,jpswb_,"á´‹á´á´á´‹á´ÉªÉ´ Éªêœ± á´›Êœá´‡ á´¡Êœá´ÊŸá´‡ á´¡á´Ê€ÊŸá´….
"
1917,bangtinybabies,ğŸ‡ªğŸ‡¦ she/her :) 
1918,lovexbangtan_,-ËË‹ğ˜”Ã©ğ˜¹ğ˜ªğ˜¤ğ˜°ËËŠ-
1919,AllisonJeonJk,"Los Angeles, CA"
1920,Whalien52_WINGS,Guatemala
1921,Jessie_M7,Magic Shop
1922,IonyJk,
1923,AmeSdeConton,à¸•à¸¶à¸à¹€à¸Šà¹ˆà¸²à¸ªà¹à¸•à¸™
1924,KarlaCguerra,San Pedro Garza Garcia
1925,bts_pk_,
1926,Annlicious2,"Macarthur, Eastern Visayas"
1927,WYiboW,"Gwangjin-gu, Republic of Korea"
1928,uriboogyu,caratiny â™¡
1929,jeonpjmnana,
1930,MINSUGAS_BAE,
1931,3hod_t,
1932,annika_amz,
1933,mamanara912bts,MiE 
1934,NikitaNikiwelwe,tangerang
1935,evabtsarmy01,"CÃ³rdoba, AndalucÃ­a, EspaÃ±a"
1936,13_army06,ğŸ‡²ğŸ‡½ Cd. JuÃ¡rez|El Paso Tx
1937,joonietrans,India ğŸ‡®ğŸ‡³
1938,SaraDh50567297,Mauritania
1939,t3ngohambre,Seoul
1940,Sunjhss,"Florida, USA"
1941,YUKKI_green,
1942,hayamamiyama,å¿ƒã¯16æ­³
1943,AnaARMYBTS8,
1944,khenieshii,Hello Iâ€™m Khen! ( OJO )
1945,NWMUqzTiO8XIIrO,
1946,jeonggukcore,
1947,artguki,ğŸµğŸ±ê¹€ ğŸŒ¿ ğŸµğŸ±ë°• ğŸ£ ğŸµğŸ³ì „ ğšğ«ğ­
1948,dainznalazy,ëŒ€í•œë¯¼êµ­ ì„œìš¸
1949,_bangmyprint_,
1950,mooknamfon,ê¹€íƒœí˜•
1951,Nihatoppa,
1952,Alek1deSuga,PerÃº ğŸ‡µğŸ‡ª
1953,Nelivh,#ì˜¤ â˜¾â˜¼ ê½ëƒ¥ê½ëƒ¥ ì„œì§ìƒµ_VOPE 95linerIsâ™¥
1954,Annaa5789,
1955,analucia_3011,
1956,army_v14,
1957,rubiusunbroken,Wonderland bitches â˜
1958,92jinlovrs,BTChivas Zuculentas Squad
1959,sopebomb,hope world
1960,annierpichardo,
1961,jthetired,
1962,mots7isallineed,
1963,lovinisfineline,"London, England"
1964,BwiMeldz,
1965,madirubiuhh,MÃ©xico
1966,ZzmksA,
1967,hakunamatata07_,TÃ¼rkiye
1968,bts_ilovely95,???
1969,Didi_9593,â€¢Zero O'clockâ€¢
1970,b7xckswan,ğŸŒŸ
1971,Sick_Jackers,
1972,gabycata15,"San Miguel, Argentina"
1973,WeHaveUBangtan,"Lima, Peru"
1974,Kimbora180605,ARMY House 
1975,SaraBangtan5,
1976,felizmentearm12,
1977,sweetnaties,Only Army
1978,saraihoseok,
1979,hopeworldfabi,"Fort Myers, FL"
1980,yowhadupitsme,wherever tf is BTS rn 
1981,taesbestie,vminhye +arichuu+ beystalli
1982,NamJilliN,
1983,jthetired,
1984,silveryoon_,15 â€¢ she/her
1985,peetiie,Con BTS  :'v
1986,spasaal,
1987,armyforeverBR5,"Castelo, Brasil"
1988,Kookie4Life_,Northen Ireland
1989,EriGO0613,MÃ©xico
1990,Alii_BTS,"Comunidad de Madrid, EspaÃ±a"
1991,Cacau9597,
1992,poxaasi,ğ‘Œğ‘œğ‘¢'ğ‘Ÿğ‘’ ğ‘šğ‘¦ ğ˜©ğ‘œğ‘šğ‘’ğŸŒ¤ï¸
1993,JeanettaCSheehy,"Tennessee, USA"
1994,min_rania93,Hlel EntertaimentğŸ’œğŸ’œ
1995,BTSisARTistry,
1996,simplypjm_,Section P22 ROW S SEAT 11-12
1997,Kras1627,"PanamÃ¡,Chiriqui"
1998,tellme_bts,"Washington, USA"
1999,yumjinbts88451,
2000,julietita_bts,MÃ©xico
2001,kook_thzi17,"Tepeji del RÃ­o de Ocampo, Hida"
2002,7bulletproof_13,
2003,sweetnjin,fÃ©
2004,Leyt25,England
2005,BTS_tete_ILY,çœ‹è­·å¸«/é¤Šè­·æ•™è«­
2006,MinYinD,
2007,ZzmksA,
2008,leetaeminyoongi,"London, England"
2009,Kookie29Jeon,Indonesia
2010,Strawbwi7,Daegu
2011,Ninkac1,"Guayas, Ecuador"
2012,JungHoseok_013,
2013,somevietmatsu,University Hell
2014,lilmiaoumiaou,"Los Angeles, CA"
2015,Lauriidd07,"Sevilla, EspaÃ±a"
2016,BTS_sunflower_,Paraguay
2017,AnaARMYBTS8,
2018,gxkky_,ğŸ¥+ğŸ°
2019,secretchoki,"Edinburgh, Scotland"
2020,CamiiMelgarejo7,
2021,BTSARMY_AV,
2022,evabtsarmy01,"CÃ³rdoba, AndalucÃ­a, EspaÃ±a"
2023,2MZMAN9McTNJtHj,
2024,SaraDh50567297,Mauritania
2025,AvRcMsY,ë¶€ì—ë…¸ìŠ¤ ì•„ì´ë ˆìŠ¤
2026,d3eihoney,
2027,SadPsoa,
2028,bangtanballum,Northern Ireland
2029,Smailebasma,
2030,Adris24505898,
2031,_serenjimity,á´Šá´‡ssÉªâ†£á´›Êœá´‡ Ê€á´sá´‡â†£Éªá´›á´¢Ê
2032,skadb012,ëŒ€í•œë¯¼êµ­ ë¶€ì‚°
2033,BTS_FlLTER,yes im a hag
2034,seokbbjin,"Valinhos ,Brasil "
2035,JENNlEJIMIN,
2036,aisha86773155,
2037,chopangesthii,Indonesia
2038,KlSSUNG,hehim au pinned
2039,Soraevirjaode18,MAGIC SHOP
2040,MAYOGI_twt,
2041,Alii_BTS,"Comunidad de Madrid, EspaÃ±a"
2042,diditsunflower,"London, England"
2043,hobi6__6,HOBIUARY
2044,day60318,
2045,reputaeh,
2046,phantombyul,ğŸ‡µğŸ‡ª â€¢ bts â€¢ mmm â€¢ y&y
2047,moonchild0613__,Namkanda
2048,daeguj,bts  â™¡ cris â™¡ 25.05.19 â™¡ ë¯¼í™€ë¦¬ 
2049,8a30rashimimi,å¤§é˜ª 
2050,ocarinaoftae,soulmate Nini â™¡ 
2051,MadchenYion,"Nevers, France"
2052,NamusGemini,"Republic of Namjoon, âœ¡ï¸ğŸ’“"
2053,yoonlesbian,â™¡ jjongie sulli goo hara â™¡
2054,Kooki_amor,Islamic Republic of Iran
2055,aosato2626,
2056,purplebunny95,
2057,MnosIa,
2058,Nadnamv00,PerÃº
2059,minsugaabb4,Colombia
2060,luiza_fdl,"SÃ£o Paulo, Brasil"
2061,minsuga72,
2062,alejandrarivasx,
2063,armybts238,
2064,JungGgukiee,âœ« | . Ëš âœ¦ Â·
2065,Camila30793095,Bolivia
2066,AllisonJeonJk,"Los Angeles, CA"
2067,aneta_gg,
2068,LuvJennieMyArea,France
2069,93fuzzy93,United States
2070,googieloveshobi,Hope World
2071,Anailen9,Colombia
2072,jhooope_ho,
2073,ggukseternal,englandğŸ‡¬ğŸ‡§ she/herğŸª
2074,BangtanKao,
2075,Alek1deSuga,PerÃº ğŸ‡µğŸ‡ª
2076,Fookin_Losaaah,Princess Park 
2077,MIN_SUGAMONA,"Mersin, TÃ¼rkiye"
2078,thanthida_gd,
2079,naeunka,
2080,outrobey,ì§„ 
2081,lwtturner,â™¡
2082,btsjonsol,
2083,hina_zakura0424,é–¢æ±
2084,zwanzish,Italia
2085,iniels49,
2086,seventaehgogh,caratland
2087,blckswnbts,{he/she/they}
2088,rrockjinn,exo planet 
2089,LovelyVrmyj,India
2090,13_army06,ğŸ‡²ğŸ‡½ Cd. JuÃ¡rez|El Paso Tx
2091,totally_bts,ğŸ Ì£Ùœà£ªá ‚ ğ‘šğ‘–ğ‘›ğ‘
2092,BTS7Bagtan,Brasil
2093,ForeverRainxd,
2094,EveMoonBTS,
2095,Daisyjoaquin7,"Jalisco, MÃ©xico"
2096,Kimbora180605,ARMY House 
2097,Valenar40553064,"Buenos Aires, Argentina"
2098,d3eihoney,
2099,jhooope_ho,
2100,bye0524,
2101,vimin72,
2102,yswtete,á´¡ÉªÉ´É¢s || á´›á´€á´‡É¢Éª
2103,Amor_vitae_,
2104,michis_kim,BTS ç§ã®å¿ƒã®ä¸­ã§
2105,Nany89mon,Argentina
2106,Jknrskaratan,é–¢æ±
2107,93fuzzy93,United States
2108,Yeonbinxt,
2109,taegiareyouhere,Taegiland âœ¨
2110,evabtsarmy01,"CÃ³rdoba, AndalucÃ­a, EspaÃ±a"
2111,bts_10041,
2112,DelicateNike,Nigeria
2113,MomBunsareCool,Rural in Southern Ohio
2114,VANTESDlOR,
2115,Daniela45676039,"Playas de Rosarito, Baja Calif"
2116,Abyr52610785,
2117,Kras1627,"PanamÃ¡,Chiriqui"
2118,janin98x148251,
2119,BTS61120,
2120,SabrinaInturia,
2121,AnaARMYBTS8,
2122,heidibeddoes,United Kingdom
2123,proudkingtaetae,"SÃ£o Paulo, Brasil"
2124,yoonkookmp4,ğŸ‡¦ğŸ‡ºğŸ‡¬ğŸ‡§
2125,WeHaveUBangtan,"Lima, Peru"
2126,SeokjinftAriana,"Buenos Aires, Argentina"
2127,JungkookieBTS20,"Chester, VA"
2128,Taeofbtss,MÃ©xico
2129,JMS0UL,belle & taekook
2130,GaARMY7,"CabreÃºva, Brasil"
2131,antonia_rozas,
2132,jhobicv,neocity 
2133,VokshiMirjeta,Albania
2134,Kjsoftboy,"FernandÃ³polis, Brasil"
2135,shifaLuvsbtspop,"Lahore, Pakistan"
2136,BangtanHft_,"Barcelona, EspaÃ±a"
2137,sasa_sb_,
2138,artguki,ğŸµğŸ±ê¹€ ğŸŒ¿ ğŸµğŸ±ë°• ğŸ£ ğŸµğŸ³ì „ ğšğ«ğ­
2139,MoochiOt7,
2140,vanteasier,map of soul: 7
2141,JKangsoojin,En el corazÃ³n de mi crush ahre
2142,xxpale_moonxx,
2143,VMlNST4R,ğŸ¡
2144,Nelivh,#ì˜¤ â˜¾â˜¼ ê½ëƒ¥ê½ëƒ¥ ì„œì§ìƒµ_VOPE 95linerIsâ™¥
2145,Lauriidd07,"Sevilla, EspaÃ±a"
2146,bts_ilovely95,???
2147,Chiminipity_,
2148,sleepijjk,Euphoria Of Dreams
2149,minecraftpjm,
2150,namkooklovemaze,
2151,taesbestie,vminhye +arichuu+ beystalli
2152,dadako_bts,åƒ•ã ã‘çŸ¥ã£ã¦ãŸéŠã³å ´
2153,ARedmi7,
2154,deviIbangtan,namkandaâ˜†ot7
2155,juuungcooky,"Texas, USA"
2156,gabby_lemon,
2157,bts_love_agust_,ìœµê¸°
2158,f4iryoonjin,she/her ; kay ğŸ“
2159,mapofthesoal,
2160,Ihaven0ideabr0,norway
2161,mikroskosmel,bts paved the way
2162,j30n93,
2163,Mewgulf38998792,
2164,Joonlattae,Republic of ğ‘ğ‘ğ‘šğ‘—ğ‘œğ‘œğ‘›.â™¡âƒ›
2165,Moonchild_0310,ot7 // namjoon //
2166,BTS_BlackSwan7,ğŸ‡©ğŸ‡ª
2167,Sick_Jackers,
2168,Agostin80872460,
2169,cuttymilk,ëŒ€í•œë¯¼êµ­
2170,jhooope_ho,
2171,RahmanRabea,Republic of BTS
2172,dearmochii,Philippines
2173,yokoyansdiego,Chile
2174,serendipity7BTS,"Sugaland, ë°©íƒ„ì†Œë…„ë‹¨"
2175,MineMDL,"San CristÃ³bal de las Casas, Ch"
2176,ublolni,
2177,bwngtanluv,jjk+pjm
2178,SaraBangtan5,
2179,yoongisputiz,
2180,smollgoogie,sighing for bts. (à¹“'Íˆ Ë˜ 'Íˆà¹“)
2181,BlasIvi,"Lima, Peru"
2182,JungkookieBTS20,"Chester, VA"
2183,ZzmksA,
2184,7BTSpop,Purpleblood
2185,Moonlight_Geri,PERÃš
2186,SaraDh50567297,Mauritania
2187,Raewolf03,
2188,hotnamj,
2189,AYoonJin94,
2190,Divvvvv30,
2191,taesbestie,vminhye +arichuu+ beystalli
2192,Bunniexyh,Changki parallel universe
2193,TAEHYUNGSNIGHT,"she/her , ğŸ‡«ğŸ‡· , 21 "
2194,chlorinesuga,r m h kÂ² s a cÂ² n | multi
2195,2SE0KIES,"California, USA"
2196,sandz_24,"National Capital Region, Repub"
2197,eternallymonii,
2198,bts_slutt,
2199,AnaARMYBTS8,
2200,Taeofbtss,MÃ©xico
2201,debluv2621,No coraÃ§Ã£o do BTS 
2202,apriljunemarch,ë¶ˆë©´ì¦ğŸ–¤ [BTS in BCN]
2203,niyume02,â™¡'only army
2204,KSolarmy,-- Lá´á´ á´‡ Yá´á´œÊ€sá´‡ÊŸÒ“ Bá´‡á´€á´„Êœ --
2205,April17Lylic,"Illinois, USA"
2206,Bru_ni03,Magic shop
2207,mooknamfon,ê¹€íƒœí˜•
2208,jeosamikook,"Lima, PerÃº ğŸ‡µğŸ‡ª"
2209,Kookie29Jeon,Indonesia
2210,moonlighthoseok,
2211,SaraBangtan5,
2212,y_bts_a,
2213,Junvll_,
2214,junsora,æ½¤ãã‚“ã¨åŒã˜ç©ºã®ä¸‹
2215,antonia_rozas,
2216,MyUniverseIsPJM,in the stars of your sky
2217,call_BTS_okay,
2218,BangtanHft_,"Barcelona, EspaÃ±a"
2219,taesbestie,vminhye +arichuu+ beystalli
2220,9WdXWTW2CpcjwTK,
2221,jmlovesyg,@js_with_luv ğŸ–‡ï¸
2222,MaiaIsAnArmy,"Porto, Portugal"
2223,Moonchild_0310,ot7 // namjoon //
2224,doublekntt,InnerChild
2225,sailorpjmini,Rio de Janeiro. RJ
2226,SaraBangtan5,
2227,yoongis_fish,
2228,oXfAe0AfwJNkyXA,
2229,ohmymymying,
2230,rantmyg,
2231,_MagicShop7,"Buenos Aires, Argentina"
2232,crystalsnow25,
2233,ChoiCookie_02,lost
2234,sweetiesluv,"Buenos Aires, Argentina"
2235,hobixfluffy,
2236,EveMoonBTS,
2237,j30n93,
2238,akie24kun,æ—¥æœ¬ ç¥å¥ˆå·çœŒæ¨ªæµœå¸‚
2239,LovelyVrmyj,India
2240,Choa60690412,
2241,Ananthy12472157,
2242,BTS7Bagtan,Brasil
2243,taesgalxy,paola â™¡ 2seoktae â™¡ jinkook
2244,bts_ilovely95,???
2245,JMS0UL,belle & taekook
2246,Kookie29Jeon,Indonesia
2247,starchild93_,Na lua 
2248,artistmarry,dancer world 
2249,armybts238,
2250,xDiclorobenzene,Italia
2251,ZzmksA,
2252,googieguu,"Chemnitz, Germany"
2253,honeybabiiie,â˜† ğ—â˜»ğ—‰ğ–¾ ğ—â˜»ğ—‹ğ—…ğ–½!!âœ¨ğŸ°ğŸŒˆËËŠË—q
2254,yoonKINGTAN19,Tear
2255,honeybabiiie,â˜† ğ—â˜»ğ—‰ğ–¾ ğ—â˜»ğ—‹ğ—…ğ–½!!âœ¨ğŸ°ğŸŒˆËËŠË—q
2256,TaeKookxSupport,Ê™á´Ê€á´€Êœá´€á´‡
2257,LinAileee,Brasil 
2258,LovelyVrmyj,India
2259,BangtanHft_,"Barcelona, EspaÃ±a"
2260,SaraBangtan5,
2261,CocoTea23,Canada
2262,ilovemy7angels_,â™¡ JM JH V JK RM SG JN â™¡
2263,blanca_lorenzo1,"San Diego, CA"
2264,redrum379,134340
2265,army_v14,
2266,VIEPOURPRE,kookoo'pingu
2267,cozysuh,1ÆŠ âˆ ÆÆ¬S âˆ ÆÆ‡Æ¬
2268,aubery189,
2269,eternalxjk,I just want to die 
2270,tanstaes,
2271,IdelizVilla1999,
2272,chicagoalice72,United States
2273,antonia_rozas,
2274,jeon1997min,
2275,OT7HOME,YOUNIVERSE
2276,Moonlight_Geri,PERÃš
2277,cutegoldenjeon,
2278,baepsve,
2279,lovely_jmssi,serendipityğŸ’›
2280,illia5illi,ğŸ”°ğŸ’™ã•ã‚“å¼·åŒ–æœˆé–“
2281,cookiesforsuga,
2282,First__Wonder,"El Paso, TX"
2283,Tetsu_Jjiksu,Ñ”Ğ¸gâ„“Î±Ğ¸âˆ‚
2284,ZzmksA,
2285,MinAgust_De,Halo 
2286,ayoongistan7,
2287,JungkookieBTS20,"Chester, VA"
2288,benit_yadira,
2289,Jkookmin_21,
2290,atzcutie,â˜…she/herâ˜…
2291,SweeMost7,MAP THE OF SOUL 7
2292,lolahoseok,
2293,bighitfkedmeup7,In my bed 
2294,y_bts_a,
2295,expiphvny,sy tour in paris
2296,505suga,she/her
2297,Louder_Then_BTS,"New Delhi, India"
2298,vmfuII,
2299,khenieshii,Hello Iâ€™m Khen! ( OJO )
2300,JMS0UL,belle & taekook
2301,lovesvantegguk,7-1=0
2302,Itzi160,
2303,bokutoluvbot,she/her | bi
2304,ssugasinterlude,
2305,hobiesfilter,ğ•¤ğ•™ğ•–/ğ•™ğ•–ğ•£
2306,Jv_RMs1619,
2307,YKydin,
2308,RMANTICBOY,
2309,machiHAmachiko,å®¶
2310,Vbk_btsarmy,"Kalimantan Tengah, Indonesia"
2311,maria_carrillo8,
2312,HopeMintchoco,
2313,daraatae,taekook's hearts
2314,dchim_02,
2315,Thjjkbear,
2316,savansrams456,
2317,GabyMin2393,
2318,MaraBel22230698,
2319,WhippedForBunny,"Phoenix, AZ, USA"
2320,lovelyJJ_BTS,ìš°ì •ì•ìš¸í–‰ì•Œ
2321,VANTESDlOR,
2322,cyndeilou,neverland uae
2323,tarabuble,Map of The Soul 7
2324,mygsmuse,
2325,NWMUqzTiO8XIIrO,
2326,Jinpiolo,â˜†
2327,JeanCenita,
2328,_innershadow,HOME
2329,starchild93_,Na lua 
2330,graceXhei,Lapu-Lapu City
2331,minielittlmochi,she/her ~ ot7
2332,pjmflorwes,"Rio de Janeiro, Brasil"
2333,ThamiresRosaCF,
2334,antonia_rozas,
2335,Zahraart98,iran
2336,ynacai,Qc
2337,milixitaconcha,PERU !!!
2338,Robin0780,Massachusetts USA
2339,KookieFav1,
2340,JohaBTSOT7,"Buenos Aires,Argentina "
2341,PurpleParticles,Switzerland
2342,Deoxyribo_N_A,
2343,Vante20596005,
2344,imochi_95,In Namjoon's dimples.
2345,_serenjimity,á´Šá´‡ssÉªâ†£á´›Êœá´‡ Ê€á´sá´‡â†£Éªá´›á´¢Ê
2346,josohoney,
2347,DlORKAl,superm 28/02/20 â™¡
2348,Alissa79238497,
2349,BKraykray,
2350,ZzmksA,
2351,desertsealily,
2352,ttaeet,Î’Î“áŸœÕ°ÎµÎ±Ê€Ï„ â¥
2353,_jiminmyfilter,OT7
2354,stanbtsptos,
2355,purpletonight,
2356,vimin72,
2357,SSMLMM_0125,
2358,bts_is_myremedy,
2359,artjinkook_,
2360,Cb9iNoujhJXrU9S,
2361,Kavi_BossChick,Florida 
2362,KOOKFANG0104,"à¸à¸£à¸¸à¸‡à¹€à¸—à¸à¸¡à¸«à¸²à¸™à¸„à¸£, à¸›à¸£à¸°à¹€à¸—à¸¨à¹„à¸—à¸¢"
2363,Hiambwi,Hope World 
2364,Jinnisrj,ğŸ‘
2365,iamtahyung,
2366,aubery189,
2367,xuxijelu,
2368,cyndeilou,neverland uae
2369,honeyplumyoongi,mono
2370,taetaepandaex,Colombia
2371,btaescenerylove,ARMY Bureau of Investigation 
2372,ymwithluv,ğŸš« repost. 
2373,Malie_BTS_Lover,"Ğ›ĞµĞ½Ğ¸Ğ½Ğ³Ñ€Ğ°Ğ´ÑĞºĞ°Ñ Ğ¾Ğ±Ğ»Ğ°ÑÑ‚ÑŒ, Ğ Ğ¾ÑÑĞ¸Ñ"
2374,Vairani_Harapoi,"TrÃ©lazÃ©, Maine et Loire "
2375,mireyasca,"AsunciÃ³n, Paraguay"
2376,littlebbytae,ğŸ¯ğŸ°
2377,AnaARMYBTS8,
2378,JKangsoojin,En el corazÃ³n de mi crush ahre
2379,new_item_trend,
2380,twerkingxwifi,Chile
2381,hunbunkoo,ğŸ»âœ¨ğŸ•Š
2382,Mylovejjkm,"à¸à¸£à¸¸à¸‡à¹€à¸—à¸à¸¡à¸«à¸²à¸™à¸„à¸£, à¸›à¸£à¸°à¹€à¸—à¸¨à¹„à¸—à¸¢"
2383,ltsSeokjin,
2384,Is_it_though,
2385,erisamnpb,
2386,QuynhHo20730656,Viá»‡t Nam
2387,btsarmytae,she/her â€¢ 17
2388,purpletonight,
2389,thisbitchex,ğŸ‡¨ğŸ‡®.ğŸ‡³ğŸ‡¬
2390,soulcherie,
2391,Junmin2loves,
2392,Daniela45676039,"Playas de Rosarito, Baja Calif"
2393,ZzmksA,
2394,MaryAnn93887280,Republic of the Philippines
2395,KingofRap94,BTS Heaven
2396,cIoudvmin,armynator
2397,soulmateprinces,USA
2398,barashoksana205,Ğ Ğ¾ÑÑĞ¸Ñ
2399,TinSalunga,
2400,mysaviorhope,BULLETPROOFğŸ¶
2401,CRMcrlll7,"Hogwarts, HufflepuffğŸ¿ï¸"
2402,IamYuyu3,
2403,BTS_Social50,Ativem as notificaÃ§ÃµesğŸ’œâš¡
2404,ChoiCookie_02,lost
2405,boraborahaeBTS,
2406,_MagicShop7,"Buenos Aires, Argentina"
2407,rockstarseokjin,OT7ğŸ’œ
2408,S___JIN1204,
2409,deadleavvs,21 | nyc | 7-1 = 0
2410,yvaineinshadows,
2411,aralc_f,Portugal
2412,heartjguk,Ğ½Ñ”Î±rÏ„Ğ²Ñ”Î±Ï„
2413,OT7server,Î•Î»Î»Î¬Ï‚
2414,Esme_RVN,
2415,vmnlov,hopeworld
2416,opajee,"Portland, OR"
2417,bangtinybabies,ğŸ‡ªğŸ‡¦ she/her :) 
2418,worldwidealeks,big hit exclusive 
2419,Alissa79238497,
2420,purpletonight,
2421,dddaengtae,Hope World
2422,MINIMIN0903,
2423,lovely_jmssi,serendipityğŸ’›
2424,grandharbor_twt,
2425,vreem95,Egypt/uae
2426,_bts_heartbeat_,I will miss you twt
2427,jiminspleasure,taes ass
2428,taemy_bear,ğ‘“ğ‘œğ‘Ÿ ğ‘¦ğ‘œğ‘¢áƒ¦
2429,MitziUpton,
2430,notourfairy,Ä±nterp â€”â€” trÄ±gger É¯Î±rnÄ±ng
2431,erika_atanacio,
2432,parastoo1221,BTS WORLDğŸ’œ
2433,April17Lylic,"Illinois, USA"
2434,indirakpoper,KookTaeğŸ³ï¸â€ğŸŒˆ
2435,BlckSwn7_,.
2436,aubery189,
2437,d3eihoney,
2438,lovelyJJ_BTS,ìš°ì •ì•ìš¸í–‰ì•Œ
2439,_Geeh_umaArmy,
2440,ly_rvbts,
2441,Nany89mon,Argentina
2442,_honeyoongi_,"Buenos Aires, Argentina"
2443,Kras1627,"PanamÃ¡,Chiriqui"
2444,ninavmk7,bts | ariana grande ğŸ¶
2445,evabtsarmy01,"CÃ³rdoba, AndalucÃ­a, EspaÃ±a"
2446,anyaae_bts,Morocco
2447,moon6bin,180620 â™¡
2448,Vero38006738,
2449,Rah_Most7,
2450,bangtfn,ã…¤nsfw.
2451,ToMyTaekookie,
2452,peetiie,Con BTS  :'v
2453,AnaARMYBTS8,
2454,ja8R7MRerbxlgwQ,
2455,ET4ERNAL, 171018 I 080619 
2456,kim253013,
2457,BTS_Social50,Ativem as notificaÃ§ÃµesğŸ’œâš¡
2458,seokjbright,ğ¨ğ§ğ¥ğ² ğšğ«ğ¦ğ²â„¢
2459,KingofRap94,BTS Heaven
2460,JiminKpopKING,
2461,bts_manic_,@dewbts ğŸ¶
2462,uhgoodmoonchiId,BTSâ€™ heart 
2463,yourslovev,190525â™¡ 
2464,SweeMost7,MAP THE OF SOUL 7
2465,greenheize,ğŸ‘'s
2466,amira_lomi,
2467,Taegialw,"MedellÃ­n, Colombia"
2468,miki08050120,
2469,KY_BTS_KY,
2470,GilrSunflower,
2471,shitpp_7,"Berazategui, Argentina"
2472,BelleArmyTkk,Mots;7
2473,donhill99,Malou@yahoo.com
2474,Mon59471638,
2475,leighannebounce,She : United Kingdom 
2476,TINYJ0Y,lee !! ^__^
2477,goldxyoongi,"Boulder Hill, IL"
2478,yourthamg,semi-hiatus
2479,RebeccaGiarrat1,"Maine, USA"
2480,24_artdrew,
2481,nochumybae,myhouse
2482,erika_atanacio,
2483,MylifeTk,
2484,ChoiCookie_02,lost
2485,koogocchi,juju â™¡ 
2486,13_army06,ğŸ‡²ğŸ‡½ Cd. JuÃ¡rez|El Paso Tx
2487,YeonjunTrol0,â›“ ë•¡ â›“
2488,nildahope,PerÃº
2489,ava_CB,
2490,cheloworld,FLORIDA ğŸ‡¯ğŸ‡²
2491,Alvari19512435,
2492,FidelisRhayos,Fortaleza
2493,daeguboy33,"Atlanta, GA"
2494,Bts_twt_jikook_,
2495,Paula23199411,
2496,MaryT0resu,Mikrokosmos âœ¨
2497,lovrtete,armynator âš¢
2498,REMINISCENE_BTS,ğğ«ğ¨ğŸğ¢ğ¥ğ : ë‘ìœ ë°ˆ
2499,b0mbg1rl,
